time,heading
1632987948112603155,30.884355545043945
1632987948112717186,30.88405990600586
1632987948113005210,30.883451461791992
1632987948123469497,30.88376808166504
1632987948123781066,30.883161544799805
1632987948123786967,30.88224983215332
1632987948123803003,30.88288688659668
1632987948123899730,30.884140014648438
1632987948133674305,30.885696411132812
1632987948133987442,30.885393142700195
1632987948143896853,30.8835506439209
1632987948144185348,30.88233184814453
1632987948144420224,30.882654190063477
1632987948154326097,30.884206771850586
1632987948154586548,30.885143280029297
1632987948154676334,30.884227752685547
1632987948164769026,30.884550094604492
1632987948164991722,30.883943557739258
1632987948175121499,30.883337020874023
1632987948175261271,30.88303565979004
1632987948175545964,30.88243293762207
1632987948175749951,30.883689880371094
1632987948185656431,30.8852481842041
1632987948185812568,30.88556480407715
1632987948186068846,30.884029388427734
1632987948186305964,30.882495880126953
1632987948196289205,30.88189697265625
1632987948196471823,30.883764266967773
1632987948206583281,30.884700775146484
1632987948206808249,30.884401321411133
1632987948206982969,30.883485794067383
1632987948217017570,30.883190155029297
1632987948217265290,30.883508682250977
1632987948217542012,30.882591247558594
1632987948227416419,30.882295608520508
1632987948227708649,30.883241653442383
1632987948228011422,30.88479995727539
1632987948228231831,30.886049270629883
1632987948238132093,30.88482093811035
1632987948238305674,30.882980346679688
1632987948248409464,30.882064819335938
1632987948248485733,30.882699966430664
1632987948248822909,30.884563446044922
1632987948259054745,30.88519287109375
1632987948259271041,30.884279251098633
1632987948259632289,30.88397979736328
1632987948269227178,30.88368034362793
1632987948269517851,30.883377075195312
1632987948269727336,30.88277244567871
1632987948269972606,30.882482528686523
1632987948280372613,30.88466453552246
1632987948280376932,30.886219024658203
1632987948280380472,30.8862247467041
1632987948290227188,30.88407325744629
1632987948290383063,30.882232666015625
1632987948290638119,30.882558822631836
1632987948300675365,30.88411521911621
1632987948301032177,30.88504981994629
1632987948301138520,30.88475227355957
1632987948301361394,30.884151458740234
1632987948311274857,30.883852005004883
1632987948311517315,30.883556365966797
1632987948311663204,30.88232421875
1632987948321707661,30.882341384887695
1632987948321878394,30.882980346679688
1632987948322141049,30.88515853881836
1632987948332200018,30.885784149169922
1632987948332384830,30.884244918823242
1632987948332890980,30.882713317871094
1632987948332994204,30.88180160522461
1632987948343107498,30.882434844970703
1632987948343242434,30.884300231933594
1632987948353147954,30.88399887084961
1632987948353462208,30.88370132446289
1632987948353696643,30.883407592773438
1632987948363510202,30.88279914855957
1632987948363835760,30.88311767578125
1632987948364090196,30.881893157958984
1632987948364367420,30.88252830505371
1632987948374186381,30.884397506713867
1632987948374328470,30.88626480102539
1632987948384543673,30.885963439941406
1632987948384765849,30.88412094116211
1632987948385081302,30.882278442382812
1632987948394962361,30.88321876525879
1632987948395171850,30.883848190307617
1632987948395450265,30.88509750366211
1632987948405410632,30.884798049926758
1632987948405622107,30.884502410888672
1632987948405879033,30.88451385498047
1632987948415806246,30.8839054107666
1632987948416074419,30.88298988342285
1632987948416288839,30.883005142211914
1632987948416511794,30.883644104003906
1632987948426425420,30.885509490966797
1632987948426766338,30.885826110839844
1632987948426912107,30.884292602539062
1632987948436842639,30.8824520111084
1632987948437293700,30.882156372070312
1632987948437603961,30.883710861206055
1632987948447426897,30.88433837890625
1632987948447753828,30.884042739868164
1632987948447947462,30.883745193481445
1632987948457956623,30.883140563964844
1632987948458112070,30.882841110229492
1632987948458363340,30.88254165649414
1632987948468319070,30.881940841674805
1632987948468597684,30.88288688659668
1632987948468853683,30.88444709777832
1632987948478784815,30.885379791259766
1632987948479021682,30.885080337524414
1632987948479328372,30.883237838745117
1632987948489280560,30.88263511657715
1632987948489559759,30.883575439453125
1632987948489744918,30.884511947631836
1632987948499762414,30.88513946533203
1632987948499995139,30.88422393798828
1632987948500227627,30.88392448425293
1632987948500574198,30.884248733520508
1632987948500850906,30.883333206176758
1632987948510346374,30.88303565979004
1632987948510705301,30.88336181640625
1632987948510866813,30.884305953979492
1632987948520801551,30.88617515563965
1632987948521069111,30.885562896728516
1632987948521314570,30.8840274810791
1632987948531315018,30.882497787475586
1632987948531568430,30.8822021484375
1632987948531809899,30.88468360900879
1632987948541720645,30.885313034057617
1632987948542217728,30.88470458984375
1632987948542512479,30.88409996032715
1632987948552283788,30.883800506591797
1632987948552753567,30.883502960205078
1632987948553001156,30.882898330688477
1632987948562825471,30.881982803344727
1632987948563190046,30.883237838745117
1632987948563467554,30.885107040405273
1632987948573472722,30.885732650756836
1632987948573721447,30.884197235107422
1632987948573940301,30.882354736328125
1632987948583859587,30.88237190246582
1632987948584059339,30.88330841064453
1632987948584322273,30.884553909301758
1632987948594293281,30.885183334350586
1632987948594483882,30.883960723876953
1632987948594707254,30.883352279663086
1632987948604696516,30.883052825927734
1632987948604989868,30.882444381713867
1632987948605261340,30.88215446472168
1632987948615115775,30.88248062133789
1632987948615393780,30.884662628173828
1632987948615663606,30.88621711730957
1632987948625582135,30.884986877441406
1632987948625874281,30.883764266967773
1632987948626160412,30.881927490234375
1632987948636031060,30.882556915283203
1632987948636342257,30.884113311767578
1632987948636560536,30.884737014770508
1632987948646511021,30.884750366210938
1632987948646908044,30.88445472717285
1632987948647376338,30.883846282958984
1632987948647723760,30.883853912353516
1632987948647984339,30.882938385009766
1632987948657316193,30.882953643798828
1632987948657536068,30.884517669677734
1632987948657805980,30.886075973510742
1632987948667810151,30.886703491210938
1632987948668141754,30.884857177734375
1632987948668362211,30.882705688476562
1632987948678419682,30.882722854614258
1632987948678493711,30.883045196533203
1632987948678709844,30.884599685668945
1632987948688731199,30.884916305541992
1632987948689001136,30.884002685546875
1632987948689223137,30.884014129638672
1632987948699186054,30.883407592773438
1632987948699466796,30.88279914855957
1632987948699677479,30.881885528564453
1632987948709690024,30.882522583007812
1632987948709960759,30.884082794189453
1632987948710089817,30.885019302368164
1632987948720061008,30.88441276550293
1632987948720357908,30.882572174072266
1632987948720523733,30.881349563598633
1632987948730507614,30.882600784301758
1632987948730845307,30.883848190307617
1632987948731046843,30.884164810180664
1632987948741097457,30.88387107849121
1632987948741333882,30.88295555114746
1632987948741565646,30.883272171020508
1632987948751418716,30.88327980041504
1632987948751970564,30.882061004638672
1632987948752109090,30.882694244384766
1632987948762035803,30.884258270263672
1632987948762310184,30.88580894470215
1632987948762553492,30.886127471923828
1632987948772561133,30.88428497314453
1632987948772985440,30.88306427001953
1632987948773187503,30.883384704589844
1632987948773397166,30.88463020324707
1632987948783168118,30.885875701904297
1632987948783397208,30.88465118408203
1632987948783570665,30.884357452392578
1632987948793673142,30.884057998657227
1632987948793824181,30.883756637573242
1632987948794107305,30.883766174316406
1632987948794284799,30.882854461669922
1632987948804132203,30.884113311767578
1632987948804494299,30.88567352294922
1632987948804595283,30.88568115234375
1632987948814583176,30.884143829345703
1632987948814866376,30.882305145263672
1632987948815170021,30.88170051574707
1632987948825023302,30.882951736450195
1632987948825291178,30.883888244628906
1632987948825526691,30.8845157623291
1632987948835449220,30.88360023498535
1632987948836205854,30.88299560546875
1632987948836554655,30.88300895690918
1632987948845911117,30.882089614868164
1632987948846152949,30.882104873657227
1632987948846399837,30.882740020751953
1632987948856379388,30.884300231933594
1632987948856738854,30.88554573059082
1632987948857035624,30.884937286376953
1632987948857364682,30.882783889770508
1632987948867077939,30.882177352905273
1632987948867398905,30.882810592651367
1632987948877286905,30.88467788696289
1632987948877527274,30.884994506835938
1632987948877798012,30.884389877319336
1632987948887733472,30.884401321411133
1632987948888074744,30.883485794067383
1632987948888296069,30.88318634033203
1632987948898294931,30.88258171081543
1632987948898540021,30.882598876953125
1632987948898701695,30.88446807861328
1632987948908689912,30.88571548461914
1632987948908989276,30.886343002319336
1632987948909184244,30.884809494018555
1632987948919187601,30.882659912109375
1632987948919433852,30.88236427307129
1632987948919625658,30.88391876220703
1632987948929563596,30.884855270385742
1632987948929829566,30.884557723999023
1632987948930070068,30.88426399230957
1632987948940092104,30.883657455444336
1632987948940345489,30.8836669921875
1632987948940555608,30.882129669189453
1632987948940986642,30.88214874267578
1632987948950649203,30.883094787597656
1632987948950891931,30.884963989257812
1632987948951121312,30.886207580566406
1632987948961107447,30.884977340698242
1632987948961422663,30.88282585144043
1632987948961666872,30.881916046142578
1632987948971613596,30.88254737854004
1632987948972020092,30.88410186767578
1632987948972261415,30.88472557067871
1632987948982209541,30.884431838989258
1632987948982340394,30.88413429260254
1632987948982623771,30.883220672607422
1632987948992645754,30.88322639465332
1632987948992875838,30.881694793701172
1632987948993095839,30.88233184814453
1632987949003153811,30.883893966674805
1632987949003341940,30.885143280029297
1632987949003681543,30.88576889038086
1632987949003750628,30.88392448425293
1632987949013617057,30.8820858001709
1632987949013921243,30.88271713256836
1632987949014158202,30.88396453857422
1632987949014382413,30.884593963623047
1632987949024137523,30.884601593017578
1632987949024421935,30.883689880371094
1632987949024678147,30.883697509765625
1632987949034658632,30.883399963378906
1632987949034909895,30.88217544555664
1632987949035120609,30.88249969482422
1632987949045036603,30.883445739746094
1632987949045395640,30.885313034057617
1632987949045627959,30.885942459106445
1632987949055515744,30.884408950805664
1632987949055812459,30.882875442504883
1632987949056025261,30.88226890563965
1632987949066091690,30.88320541381836
1632987949066498334,30.8847599029541
1632987949066867323,30.88477325439453
1632987949076660864,30.884475708007812
1632987949076973327,30.884178161621094
1632987949077389454,30.88387680053711
1632987949087081083,30.883270263671875
1632987949087520880,30.882356643676758
1632987949087909402,30.88299560546875
1632987949097518819,30.88455581665039
1632987949097800822,30.8854923248291
1632987949098071335,30.884885787963867
1632987949107959000,30.883045196533203
1632987949108449984,30.881824493408203
1632987949108629405,30.882762908935547
1632987949118401229,30.883697509765625
1632987949118858394,30.88494300842285
1632987949119145516,30.884336471557617
1632987949128947253,30.883426666259766
1632987949129686045,30.88343620300293
1632987949129948221,30.88251495361328
1632987949139398396,30.882219314575195
1632987949139815520,30.88223648071289
1632987949140341972,30.88349151611328
1632987949149897864,30.88566780090332
1632987949150211017,30.885984420776367
1632987949150774530,30.88382911682129
1632987949151057418,30.88260841369629
1632987949160418252,30.88200569152832
1632987949160587208,30.88387107849121
1632987949170753727,30.884807586669922
1632987949171270789,30.88481903076172
1632987949171525798,30.884519577026367
1632987949172092091,30.883914947509766
1632987949172348560,30.88330841064453
1632987949181658880,30.883007049560547
1632987949181873923,30.882404327392578
1632987949191771830,30.88365936279297
1632987949192060713,30.884912490844727
1632987949192258362,30.885848999023438
1632987949202236103,30.88524055480957
1632987949202512934,30.88216209411621
1632987949202836389,30.882177352905273
1632987949212769299,30.88249969482422
1632987949213021516,30.88405418395996
1632987949213202601,30.884994506835938
1632987949223191846,30.88376808166504
1632987949223491132,30.883159637451172
1632987949223717389,30.883169174194336
1632987949233638339,30.882253646850586
1632987949233901268,30.8825740814209
1632987949234164179,30.882286071777344
1632987949244115065,30.88446617126465
1632987949244402738,30.886022567749023
1632987949244631445,30.885717391967773
1632987949244841198,30.884185791015625
1632987949254631459,30.882347106933594
1632987949254854677,30.882051467895508
1632987949255105653,30.883914947509766
1632987949265074217,30.884540557861328
1632987949265351079,30.884864807128906
1632987949265556243,30.88456916809082
1632987949275548624,30.883342742919922
1632987949275830833,30.883657455444336
1632987949276180110,30.882431030273438
1632987949286140380,30.882137298583984
1632987949286520219,30.883705139160156
1632987949286767729,30.885574340820312
1632987949296654127,30.886507034301758
1632987949297283519,30.88496971130371
1632987949297441397,30.88251304626465
1632987949297612846,30.882219314575195
1632987949307204164,30.882543563842773
1632987949307610146,30.884098052978516
1632987949317575937,30.884416580200195
1632987949318175774,30.88412094116211
1632987949318439075,30.88413429260254
1632987949318799343,30.883525848388672
1632987949318878635,30.88260841369629
1632987949319107615,30.882003784179688
1632987949328567949,30.882020950317383
1632987949328722456,30.884199142456055
1632987949338791241,30.885759353637695
1632987949339183523,30.885147094726562
1632987949349041628,30.88391876220703
1632987949349382477,30.882080078125
1632987949349792872,30.882404327392578
1632987949350020263,30.88426971435547
1632987949359659043,30.884586334228516
1632987949359927599,30.884599685668945
1632987949370052839,30.883684158325195
1632987949370474956,30.88369369506836
1632987949371172952,30.88339614868164
1632987949371505754,30.882171630859375
1632987949380693535,30.882495880126953
1632987949380952787,30.883441925048828
1632987949381202396,30.885000228881836
1632987949381546130,30.885934829711914
1632987949381799621,30.8843994140625
1632987949391385205,30.88224983215332
1632987949391628478,30.88226318359375
1632987949401647529,30.883201599121094
1632987949401856147,30.884449005126953
1632987949402129764,30.884153366088867
1632987949412053654,30.883546829223633
1632987949412289823,30.883562088012695
1632987949412614586,30.883256912231445
1632987949422599092,30.882959365844727
1632987949422804638,30.88235855102539
1632987949423174738,30.8826847076416
1632987949433116811,30.884862899780273
1632987949433256491,30.885799407958984
1632987949433665994,30.885190963745117
1632987949443481333,30.883657455444336
1632987949443690247,30.882434844970703
1632987949444150089,30.88306999206543
1632987949453891514,30.88431167602539
1632987949454450472,30.884937286376953
1632987949454732860,30.884639739990234
1632987949464329913,30.883419036865234
1632987949464822927,30.884050369262695
1632987949465067441,30.883438110351562
1632987949474826486,30.88252067565918
1632987949475307693,30.882539749145508
1632987949475586391,30.8837947845459
1632987949475792627,30.885663986206055
1632987949485561777,30.885671615600586
1632987949486371728,30.883514404296875
1632987949486555149,30.882291793823242
1632987949496284809,30.881999969482422
1632987949496597444,30.883251190185547
1632987949496837497,30.884801864624023
1632987949506623377,30.884504318237305
1632987949506962291,30.883895874023438
1632987949507308960,30.883602142333984
1632987949507547763,30.88299560546875
1632987949507761569,30.882387161254883
1632987949517405649,30.88178253173828
1632987949517722040,30.883037567138672
1632987949517972712,30.88490867614746
1632987949527811506,30.885845184326172
1632987949528214929,30.884929656982422
1632987949528451915,30.88277816772461
1632987949538307980,30.88186264038086
1632987949538610662,30.882492065429688
1632987949548724024,30.883737564086914
1632987949549077559,30.884984970092773
1632987949549309773,30.88437843322754
1632987949549563247,30.883769989013672
1632987949559186396,30.8837833404541
1632987949559564238,30.882863998413086
1632987949559881068,30.882570266723633
1632987949569876713,30.882587432861328
1632987949570154299,30.883840560913086
1632987949580158703,30.885705947875977
1632987949580569709,30.885713577270508
1632987949580790986,30.883872985839844
1632987949581063951,30.88203239440918
1632987949581067609,30.88173484802246
1632987949590957574,30.88360023498535
1632987949591187431,30.88453483581543
1632987949591430087,30.884857177734375
1632987949591639641,30.884254455566406
1632987949601574656,30.88364601135254
1632987949601747473,30.883342742919922
1632987949611792155,30.882734298706055
1632987949612024026,30.881826400756836
1632987949612253927,30.882776260375977
1632987949621984054,30.884641647338867
1632987949622214648,30.885887145996094
1632987949622490950,30.88496971130371
1632987949632460578,30.8828182220459
1632987949632749370,30.882217407226562
1632987949632967663,30.88315773010254
1632987949642925457,30.884092330932617
1632987949643206558,30.884719848632812
1632987949643455819,30.884111404418945
1632987949653418728,30.883817672729492
1632987949653708873,30.883520126342773
1632987949653895854,30.882598876953125
1632987949654153648,30.882610321044922
1632987949664043491,30.882627487182617
1632987949664316316,30.883880615234375
1632987949664501168,30.88606071472168
1632987949674425585,30.885448455810547
1632987949674712888,30.883913040161133
1632987949674910842,30.8820743560791
1632987949684906630,30.882396697998047
1632987949685196311,30.883955001831055
1632987949685324152,30.88396453857422
1632987949695414864,30.88428497314453
1632987949695682088,30.884296417236328
1632987949695891364,30.883378982543945
1632987949696121651,30.883699417114258
1632987949705968949,30.882783889770508
1632987949706158444,30.882488250732422
1632987949716203955,30.88312530517578
1632987949716498515,30.884685516357422
1632987949716739973,30.885929107666016
1632987949726660719,30.884702682495117
1632987949726921102,30.88255500793457
1632987949727130989,30.88195037841797
1632987949737098982,30.88258171081543
1632987949737358522,30.884443283081055
1632987949737606165,30.884765625
1632987949747600421,30.8841609954834
1632987949747798568,30.883554458618164
1632987949748049058,30.883251190185547
1632987949758479754,30.88264274597168
1632987949758698136,30.882347106933594
1632987949759077503,30.882366180419922
1632987949768877710,30.88423728942871
1632987949769253498,30.885480880737305
1632987949769381280,30.884870529174805
1632987949779197027,30.88364601135254
1632987949779507190,30.881811141967773
1632987949779706305,30.8824405670166
1632987949789720319,30.883686065673828
1632987949789928858,30.884313583374023
1632987949790186674,30.88463592529297
1632987949790396319,30.883724212646484
1632987949800064867,30.88311767578125
1632987949800560852,30.88312530517578
1632987949800850700,30.8822078704834
1632987949810527714,30.88253402709961
1632987949810847398,30.883790969848633
1632987949811056918,30.885351181030273
1632987949820994893,30.88628578186035
1632987949821357068,30.884435653686523
1632987949821559458,30.88259506225586
1632987949821773966,30.881994247436523
1632987949831595102,30.882936477661133
1632987949831839896,30.88510513305664
1632987949832090836,30.885116577148438
1632987949842374752,30.884199142456055
1632987949842630552,30.884214401245117
1632987949842940872,30.88298797607422
1632987949852592084,30.882997512817383
1632987949853033173,30.88239288330078
1632987949853103157,30.883026123046875
1632987949863128427,30.884897232055664
1632987949863277487,30.886144638061523
1632987949863565348,30.885845184326172
1632987949873648264,30.884000778198242
1632987949873863316,30.88184928894043
1632987949874090634,30.882484436035156
1632987949884031011,30.883729934692383
1632987949884196980,30.884977340698242
1632987949884426083,30.88498878479004
1632987949894444647,30.883766174316406
1632987949894669956,30.883468627929688
1632987949894915383,30.883167266845703
1632987949904868680,30.881637573242188
1632987949905348145,30.88165283203125
1632987949905613740,30.882905960083008
1632987949915556328,30.885082244873047
1632987949915707545,30.886018753051758
1632987949915900378,30.884483337402344
1632987949925904459,30.88264274597168
1632987949926208691,30.88204002380371
1632987949926415491,30.882667541503906
1632987949936438924,30.88422203063965
1632987949936627265,30.884540557861328
1632987949936867226,30.883939743041992
1632987949937247558,30.883642196655273
1632987949946930581,30.88334083557129
1632987949947223109,30.883039474487305
1632987949947403142,30.881818771362305
1632987949957444953,30.882457733154297
1632987949957652543,30.884326934814453
1632987949957897575,30.886192321777344
1632987949967926878,30.885889053344727
1632987949968245818,30.88373565673828
1632987949968669387,30.882205963134766
1632987949968939967,30.88283920288086
1632987949978522503,30.884084701538086
1632987949978676339,30.885021209716797
1632987949988925650,30.88472557067871
1632987949989072956,30.883811950683594
1632987949989337033,30.883821487426758
1632987949999282695,30.883522033691406
1632987949999490351,30.882604598999023
1632987949999732943,30.882312774658203
1632987950009760565,30.88326072692871
1632987950010013519,30.885438919067383
1632987950010309938,30.88606834411621
1632987950010553281,30.884838104248047
1632987950020394209,30.882997512817383
1632987950020571890,30.881772994995117
1632987950020889651,30.883024215698242
1632987950030674785,30.88426971435547
1632987950030981727,30.883968353271484
1632987950031167167,30.884288787841797
1632987950041131804,30.883377075195312
1632987950041379081,30.883695602416992
1632987950041663535,30.883085250854492
1632987950051533481,30.881864547729492
1632987950051803768,30.88219451904297
1632987950052060073,30.883445739746094
1632987950062073947,30.885000228881836
1632987950062368697,30.885009765625
1632987950062620922,30.882858276367188
1632987950062863605,30.882251739501953
1632987950072681929,30.882883071899414
1632987950073030255,30.883819580078125
1632987950073193305,30.88475799560547
1632987950083151526,30.884153366088867
1632987950083369018,30.883544921875
1632987950083608340,30.88324737548828
1632987950093788150,30.882946014404297
1632987950093919739,30.882648468017578
1632987950094182693,30.88266944885254
1632987950104048003,30.88392448425293
1632987950104354971,30.88610076904297
1632987950104563711,30.886417388916016
1632987950114405647,30.884883880615234
1632987950114870543,30.882736206054688
1632987950115114840,30.882131576538086
1632987950125095490,30.883995056152344
1632987950125449360,30.884624481201172
1632987950125594870,30.885250091552734
1632987950135465525,30.88495445251465
1632987950135845953,30.88404083251953
1632987950136086583,30.884048461914062
1632987950146058388,30.88313102722168
1632987950146307860,30.88283348083496
1632987950146573310,30.883472442626953
1632987950156377489,30.884414672851562
1632987950156769904,30.885971069335938
1632987950156998574,30.885358810424805
1632987950166860790,30.882591247558594
1632987950167316743,30.881681442260742
1632987950167541376,30.88231086730957
1632987950167787355,30.88355827331543
1632987950177461129,30.884801864624023
1632987950177979695,30.884193420410156
1632987950178203864,30.883899688720703
1632987950188103482,30.882984161376953
1632987950188252715,30.882373809814453
1632987950188417475,30.882076263427734
1632987950198484387,30.88116455078125
1632987950198635780,30.883041381835938
1632987950198908168,30.884910583496094
1632987950208796597,30.885225296020508
1632987950209048789,30.884620666503906
1632987950209295708,30.88184928894043
1632987950219282152,30.88155746459961
1632987950219600126,30.883113861083984
1632987950220020998,30.884052276611328
1632987950220149372,30.884990692138672
1632987950230011866,30.88469123840332
1632987950230288347,30.88377571105957
1632987950240166527,30.884092330932617
1632987950240471460,30.883176803588867
1632987950240593527,30.882572174072266
1632987950250653813,30.88351821899414
1632987950251086620,30.88507652282715
1632987950251099432,30.88694190979004
1632987950251378576,30.886333465576172
1632987950251605982,30.88418197631836
1632987950261355243,30.88296127319336
1632987950261645901,30.882661819458008
1632987950261768646,30.883909225463867
1632987950271795104,30.885156631469727
1632987950272035380,30.884552001953125
1632987950272247409,30.884254455566406
1632987950282314472,30.883337020874023
1632987950282520942,30.883033752441406
1632987950282721039,30.882427215576172
1632987950292701513,30.882139205932617
1632987950293049807,30.88370132446289
1632987950293166538,30.884950637817383
1632987950303080769,30.88588523864746
1632987950303312174,30.884660720825195
1632987950303519512,30.881895065307617
1632987950313582255,30.881601333618164
1632987950313773344,30.882848739624023
1632987950314031675,30.8837833404541
1632987950324024346,30.884410858154297
1632987950324359863,30.883501052856445
1632987950324670340,30.883514404296875
1632987950334571269,30.88321304321289
1632987950334765122,30.882604598999023
1632987950335031799,30.882308959960938
1632987950345032130,30.88263511657715
1632987950345312993,30.88450813293457
1632987950345565416,30.886371612548828
1632987950345827539,30.88545036315918
1632987950355574472,30.883914947509766
1632987950355842037,30.88238525390625
1632987950356041534,30.88239860534668
1632987950366069008,30.884571075439453
1632987950366277582,30.884889602661133
1632987950366550297,30.884593963623047
1632987950376555847,30.883987426757812
1632987950376829044,30.883689880371094
1632987950386910607,30.883390426635742
1632987950387158334,30.88247299194336
1632987950387400711,30.882179260253906
1632987950397328420,30.883745193481445
1632987950397722632,30.884685516357422
1632987950397894471,30.885622024536133
1632987950398103212,30.88408851623535
1632987950398343668,30.882244110107422
1632987950408009731,30.88195037841797
1632987950408275561,30.882890701293945
1632987950408480257,30.883827209472656
1632987950418405115,30.884458541870117
1632987950418669144,30.883853912353516
1632987950418907758,30.883554458618164
1632987950428888906,30.882946014404297
1632987950429216121,30.882953643798828
1632987950429454825,30.88266372680664
1632987950439430240,30.882680892944336
1632987950439656520,30.885168075561523
1632987950439888436,30.886104583740234
1632987950449952738,30.88518714904785
1632987950450130760,30.883651733398438
1632987950450363758,30.882122039794922
1632987950460312963,30.883060455322266
1632987950460559961,30.88492202758789
1632987950460795143,30.885242462158203
1632987950470747328,30.885255813598633
1632987950470992980,30.884033203125
1632987950471231357,30.883424758911133
1632987950481188682,30.883121490478516
1632987950481504952,30.882205963134766
1632987950481807517,30.88253402709961
1632987950491629853,30.883480072021484
1632987950491922977,30.885038375854492
1632987950492223917,30.886281967163086
1632987950502158107,30.884130477905273
1632987950502439337,30.882287979125977
1632987950502644154,30.88168716430664
1632987950512593575,30.882625579833984
1632987950512860104,30.884178161621094
1632987950513084727,30.88418960571289
1632987950523094145,30.883583068847656
1632987950523350255,30.883291244506836
1632987950523735233,30.88237190246582
1632987950533558811,30.8820743560791
1632987950534002622,30.881776809692383
1632987950534234814,30.882413864135742
1632987950544248864,30.88428497314453
1632987950544404419,30.885534286499023
1632987950544672854,30.885541915893555
1632987950544889852,30.883390426635742
1632987950554717661,30.881858825683594
1632987950554927695,30.88279914855957
1632987950555163748,30.88404655456543
1632987950565207964,30.88559913635254
1632987950565436710,30.88498878479004
1632987950565690876,30.884077072143555
1632987950575587073,30.884084701538086
1632987950575987667,30.88347625732422
1632987950576214322,30.882871627807617
1632987950576460227,30.882888793945312
1632987950586409184,30.883832931518555
1632987950586516218,30.886009216308594
1632987950586762857,30.88663673400879
1632987950596657398,30.884483337402344
1632987950596851166,30.882646560668945
1632987950597121888,30.882038116455078
1632987950607098206,30.882976531982422
1632987950607359477,30.884531021118164
1632987950607579606,30.88454246520996
1632987950617488112,30.884248733520508
1632987950617750189,30.88364028930664
1632987950617998160,30.882720947265625
1632987950628035808,30.88241958618164
1632987950628335439,30.881507873535156
1632987950628488487,30.88214683532715
1632987950638372131,30.883710861206055
1632987950638780534,30.885265350341797
1632987950639109565,30.885272979736328
1632987950649023031,30.882814407348633
1632987950649263382,30.881595611572266
1632987950649593884,30.882225036621094
1632987950659407434,30.883159637451172
1632987950659635353,30.88440704345703
1632987950659942386,30.884105682373047
1632987950669881469,30.884122848510742
1632987950670109516,30.883825302124023
1632987950670354047,30.882904052734375
1632987950680428150,30.882606506347656
1632987950680783289,30.88262176513672
1632987950681173115,30.88326072692871
1632987950690846572,30.88574981689453
1632987950691087224,30.886064529418945
1632987950691320842,30.884836196899414
1632987950701328037,30.882997512817383
1632987950701569300,30.882394790649414
1632987950701762208,30.883333206176758
1632987950711699272,30.884578704833984
1632987950711952506,30.88458824157715
1632987950712230544,30.884292602539062
1632987950722169049,30.88337516784668
1632987950722516515,30.884002685546875
1632987950722821583,30.883394241333008
1632987950722990843,30.882478713989258
1632987950732757365,30.8828067779541
1632987950733164532,30.88405990600586
1632987950733406348,30.8856201171875
1632987950743305552,30.885009765625
1632987950743747567,30.882856369018555
1632987950744019720,30.881635665893555
1632987950744399466,30.8819580078125
1632987950753930701,30.883514404296875
1632987950754146988,30.884761810302734
1632987950764266469,30.884153366088867
1632987950764501541,30.883546829223633
1632987950764753491,30.883556365966797
1632987950764993289,30.882638931274414
1632987950774924080,30.882339477539062
1632987950775220529,30.88204574584961
1632987950775478978,30.88330078125
1632987950785400090,30.88486099243164
1632987950785619061,30.885488510131836
1632987950785848918,30.884571075439453
1632987950795814380,30.882421493530273
1632987950796033861,30.881818771362305
1632987950796282198,30.88306427001953
1632987950806211496,30.884000778198242
1632987950806477326,30.88494110107422
1632987950806689901,30.884029388427734
1632987950816657261,30.8834228515625
1632987950816879648,30.88343048095703
1632987950817086348,30.882509231567383
1632987950827073077,30.881906509399414
1632987950827333679,30.88285255432129
1632987950827581665,30.884105682373047
1632987950837533870,30.88597297668457
1632987950837796153,30.885360717773438
1632987950838048897,30.883516311645508
1632987950847953780,30.881986618041992
1632987950848884079,30.882003784179688
1632987950849143982,30.883865356445312
1632987950849420407,30.88479995727539
1632987950849611565,30.88419532775879
1632987950858952606,30.883899688720703
1632987950859134608,30.882984161376953
1632987950869132534,30.882993698120117
1632987950869462085,30.882692337036133
1632987950869673459,30.88239860534668
1632987950879726930,30.884580612182617
1632987950880016605,30.885833740234375
1632987950880145673,30.886150360107422
1632987950890043790,30.88492202758789
1632987950890299008,30.88184356689453
1632987950890547479,30.882169723510742
1632987950900494703,30.882801055908203
1632987950900753737,30.884355545043945
1632987950900984004,30.88498306274414
1632987950910937069,30.884069442749023
1632987950911307168,30.88408088684082
1632987950911523054,30.883474349975586
1632987950921461133,30.88286590576172
1632987950921687677,30.882261276245117
1632987950921910911,30.882585525512695
1632987950931916828,30.884456634521484
1632987950932210255,30.885704040527344
1632987950932425620,30.885406494140625
1632987950932657513,30.883562088012695
1632987950942600550,30.882030487060547
1632987950942898440,30.88173484802246
1632987950943124041,30.88359832763672
1632987950953136574,30.884227752685547
1632987950953634384,30.884550094604492
1632987950953819550,30.883634567260742
1632987950963540903,30.883026123046875
1632987950963906554,30.882722854614258
1632987950964155069,30.88180923461914
1632987950974036768,30.8818302154541
1632987950974355160,30.883081436157227
1632987950974587211,30.88494873046875
1632987950974826692,30.886192321777344
1632987950984651818,30.88465690612793
1632987950984793969,30.882509231567383
1632987950985120709,30.88190460205078
1632987950995085606,30.88253402709961
1632987950995270966,30.884395599365234
1632987950995481100,30.88440704345703
1632987951005522399,30.883804321289062
1632987951005707317,30.88381576538086
1632987951005955946,30.883516311645508
1632987951015878919,30.88290786743164
1632987951016114463,30.88230323791504
1632987951016369899,30.88232421875
1632987951016614838,30.88450813293457
1632987951026453842,30.88606071472168
1632987951026780046,30.885448455810547
1632987951026986628,30.883914947509766
1632987951036877041,30.8820743560791
1632987951037181417,30.882707595825195
1632987951037416294,30.883953094482422
1632987951047332676,30.8848876953125
1632987951047620348,30.88459014892578
1632987951047878282,30.88398551940918
1632987951057797644,30.883689880371094
1632987951058198366,30.883697509765625
1632987951058539436,30.882469177246094
1632987951068367652,30.88248634338379
1632987951068797855,30.883434295654297
1632987951069029400,30.88468360900879
1632987951078847225,30.885313034057617
1632987951079204930,30.883773803710938
1632987951079464483,30.882551193237305
1632987951089459635,30.882253646850586
1632987951089804927,30.882884979248047
1632987951089960185,30.88443946838379
1632987951099818852,30.884450912475586
1632987951100210079,30.883535385131836
1632987951100367976,30.883237838745117
1632987951110253148,30.882631301879883
1632987951110609187,30.882951736450195
1632987951110911333,30.882349014282227
1632987951120672090,30.882369995117188
1632987951121008935,30.88454818725586
1632987951121271835,30.885486602783203
1632987951131155564,30.884876251220703
1632987951131535941,30.88303565979004
1632987951131789329,30.881811141967773
1632987951141641946,30.88336944580078
1632987951141951012,30.88430404663086
1632987951142221222,30.884933471679688
1632987951152072499,30.884946823120117
1632987951152458533,30.88372230529785
1632987951152675384,30.883420944213867
1632987951152914849,30.883121490478516
1632987951162705244,30.88282012939453
1632987951163157465,30.883460998535156
1632987951163450266,30.884098052978516
1632987951163804991,30.885963439941406
1632987951173635092,30.88658905029297
1632987951173754194,30.88381576538086
1632987951183885617,30.881977081298828
1632987951184131575,30.88137435913086
1632987951184346810,30.882930755615234
1632987951184549953,30.884485244750977
1632987951194423317,30.88449478149414
1632987951194711563,30.884197235107422
1632987951194942864,30.883283615112305
1632987951204869804,30.882366180419922
1632987951205211458,30.882375717163086
1632987951205471671,30.88176918029785
1632987951215295751,30.883028030395508
1632987951215619690,30.88397216796875
1632987951215865342,30.88521957397461
1632987951225799311,30.884918212890625
1632987951226080902,30.882457733154297
1632987951226321403,30.88092613220215
1632987951236199950,30.882177352905273
1632987951236554537,30.884042739868164
1632987951236796854,30.88467025756836
1632987951246641192,30.884679794311523
1632987951247001351,30.88407325744629
1632987951247235384,30.884082794189453
1632987951257106198,30.883167266845703
1632987951257422479,30.882558822631836
1632987951257668990,30.882883071899414
1632987951267598895,30.883827209472656
1632987951268098520,30.886627197265625
1632987951268451032,30.88632583618164
1632987951268807778,30.88509750366211
1632987951278301923,30.882638931274414
1632987951278540070,30.882036209106445
1632987951278778095,30.883283615112305
1632987951288721950,30.88452911376953
1632987951288994536,30.884851455688477
1632987951289209251,30.884244918823242
1632987951299188037,30.883634567260742
1632987951299424729,30.883026123046875
1632987951299640252,30.882726669311523
1632987951309602018,30.881505966186523
1632987951309842113,30.8824520111084
1632987951310067823,30.884323120117188
1632987951320025827,30.8852596282959
1632987951320303370,30.885269165039062
1632987951320551125,30.88250160217285
1632987951330538190,30.881591796875
1632987951330849674,30.881912231445312
1632987951330989474,30.88315773010254
1632987951340960644,30.884401321411133
1632987951341367011,30.883798599243164
1632987951341511618,30.883502960205078
1632987951341874822,30.883512496948242
1632987951351507277,30.882898330688477
1632987951351824768,30.882600784301758
1632987951352035448,30.88231086730957
1632987951362015443,30.883258819580078
1632987951362256650,30.885433197021484
1632987951362516705,30.88574981689453
1632987951372556660,30.884523391723633
1632987951373163958,30.88237190246582
1632987951373337410,30.882387161254883
1632987951383229602,30.884254455566406
1632987951383413422,30.884571075439453
1632987951383654749,30.884889602661133
1632987951393532531,30.88428497314453
1632987951393680323,30.88368034362793
1632987951393893868,30.883689880371094
1632987951403927293,30.882774353027344
1632987951404154848,30.882478713989258
1632987951404381299,30.8834228515625
1632987951414376779,30.884366989135742
1632987951414572458,30.885923385620117
1632987951414820359,30.885313034057617
1632987951424760937,30.882850646972656
1632987951425026187,30.882556915283203
1632987951425258406,30.882261276245117
1632987951435204237,30.88412857055664
1632987951435464420,30.88506317138672
1632987951435713555,30.883529663085938
1632987951445776717,30.88323211669922
1632987951445948474,30.8829345703125
1632987951446197055,30.882326126098633
1632987951456118197,30.882030487060547
1632987951456353489,30.882047653198242
1632987951456597648,30.883607864379883
1632987951466574495,30.885475158691406
1632987951466869288,30.885175704956055
1632987951467137623,30.88395118713379
1632987951477021180,30.88149070739746
1632987951477477308,30.88150405883789
1632987951477754671,30.883060455322266
1632987951478334602,30.883996963500977
1632987951487888116,30.88431739807129
1632987951488077896,30.88371467590332
1632987951488217566,30.883108139038086
1632987951498230202,30.88373374938965
1632987951498428716,30.88250732421875
1632987951498681489,30.882526397705078
1632987951508659415,30.883163452148438
1632987951508890304,30.884721755981445
1632987951509148390,30.88627815246582
1632987951509522283,30.88473892211914
1632987951519268008,30.88290023803711
1632987951519473610,30.882295608520508
1632987951520003218,30.88323402404785
1632987951529697233,30.885404586791992
1632987951529961732,30.885723114013672
1632987951530195818,30.884807586669922
1632987951540171821,30.88451385498047
1632987951540371883,30.88328742980957
1632987951540570378,30.8832950592041
1632987951550585103,30.88237953186035
1632987951550876306,30.882400512695312
1632987951551067099,30.88396644592285
1632987951551277509,30.885520935058594
1632987951561198054,30.88583755493164
1632987951561332044,30.88399314880371
1632987951561563736,30.881839752197266
1632987951571575266,30.88185691833496
1632987951571847187,30.883108139038086
1632987951572096573,30.884042739868164
1632987951582195572,30.884361267089844
1632987951582625672,30.883140563964844
1632987951582849305,30.882841110229492
1632987951592638355,30.882232666015625
1632987951592850663,30.881317138671875
1632987951602938928,30.881332397460938
1632987951603197840,30.882280349731445
1632987951603383735,30.884769439697266
1632987951613414302,30.88570785522461
1632987951613572608,30.884788513183594
1632987951613767290,30.882946014404297
1632987951623807844,30.88172149658203
1632987951624032232,30.882352828979492
1632987951624276092,30.884218215942383
1632987951624525690,30.884538650512695
1632987951634351794,30.884857177734375
1632987951634566804,30.88425064086914
1632987951634839154,30.88364028930664
1632987951644767441,30.883651733398438
1632987951645056117,30.882740020751953
1632987951645276281,30.883066177368164
1632987951655291261,30.88493537902832
1632987951655498955,30.88618278503418
1632987951655707355,30.88650131225586
1632987951665717163,30.884349822998047
1632987951666049661,30.882509231567383
1632987951666350795,30.88313865661621
1632987951676216964,30.884077072143555
1632987951676467252,30.885013580322266
1632987951676669630,30.884714126586914
1632987951686705455,30.88442039489746
1632987951686897066,30.88381004333496
1632987951687275510,30.883201599121094
1632987951687554699,30.882593154907227
1632987951697256749,30.882299423217773
1632987951697497389,30.882322311401367
1632987951707532599,30.884191513061523
1632987951707751048,30.885128021240234
1632987951707954995,30.883590698242188
1632987951708254956,30.882369995117188
1632987951718100109,30.881460189819336
1632987951718400059,30.882707595825195
1632987951718712388,30.883953094482422
1632987951728514679,30.88365364074707
1632987951728801076,30.8836669921875
1632987951729077251,30.88275146484375
1632987951739068936,30.883071899414062
1632987951739314890,30.882461547851562
1632987951739454612,30.881855010986328
1632987951739990827,30.88249397277832
1632987951749545257,30.88436508178711
1632987951749807589,30.8856143951416
1632987951749999252,30.885929107666016
1632987951759992979,30.883773803710938
1632987951760218186,30.882553100585938
1632987951760436699,30.882566452026367
1632987951770486833,30.884431838989258
1632987951770801387,30.885679244995117
1632987951771012179,30.8847599029541
1632987951781074860,30.88477325439453
1632987951781115740,30.88416290283203
1632987951781355601,30.883556365966797
1632987951791430072,30.883258819580078
1632987951791632265,30.882654190063477
1632987951791966478,30.883909225463867
1632987951792203726,30.885469436645508
1632987951802118377,30.88578987121582
1632987951802339781,30.88456153869629
1632987951812281965,30.882413864135742
1632987951812482923,30.881502151489258
1632987951812764463,30.88336753845215
1632987951822718333,30.883995056152344
1632987951822952053,30.884315490722656
1632987951823237538,30.883708953857422
1632987951833186173,30.882795333862305
1632987951833441204,30.882802963256836
1632987951833636983,30.881885528564453
1632987951843638842,30.88128089904785
1632987951844015797,30.882226943969727
1632987951844119098,30.883790969848633
1632987951844352149,30.88472557067871
1632987951854622229,30.884733200073242
1632987951855002433,30.882585525512695
1632987951855241359,30.881671905517578
1632987951864850618,30.881996154785156
1632987951865138337,30.883548736572266
1632987951865424553,30.884794235229492
1632987951875379257,30.884498596191406
1632987951875863233,30.884511947631836
1632987951876139038,30.8839054107666
1632987951885701987,30.883602142333984
1632987951885963360,30.88299560546875
1632987951886385803,30.882394790649414
1632987951896227946,30.884267807006836
1632987951896831869,30.885826110839844
1632987951897073420,30.886451721191406
1632987951906680105,30.885223388671875
1632987951907281727,30.883071899414062
1632987951907527214,30.882471084594727
1632987951907733453,30.88372230529785
1632987951908012482,30.884654998779297
1632987951917777785,30.885284423828125
1632987951917979741,30.884370803833008
1632987951918253345,30.883766174316406
1632987951928289661,30.883464813232422
1632987951928529604,30.88254737854004
1632987951928745136,30.882251739501953
1632987951938490925,30.882577896118164
1632987951939128141,30.88414192199707
1632987951939335051,30.885698318481445
1632987951939620494,30.88477897644043
1632987951949551959,30.882627487182617
1632987951949817253,30.88140296936035
1632987951950059541,30.881418228149414
1632987951960360067,30.88297462463379
1632987951960479804,30.883914947509766
1632987951960680664,30.883617401123047
1632987951970358565,30.88332176208496
1632987951971198712,30.88271141052246
1632987951980895846,30.882410049438477
1632987951981134539,30.881805419921875
1632987951981460917,30.88151741027832
1632987951991241431,30.883075714111328
1632987951991452029,30.885560989379883
1632987951991832258,30.886188507080078
1632987952001723574,30.884963989257812
1632987952002217673,30.88250160217285
1632987952002450344,30.8822078704834
1632987952002660207,30.88314437866211
1632987952012305146,30.88469886779785
1632987952012644323,30.885635375976562
1632987952022554690,30.884723663330078
1632987952022909292,30.884737014770508
1632987952023268787,30.884435653686523
1632987952033087222,30.883207321166992
1632987952033549195,30.88291358947754
1632987952033785383,30.8829345703125
1632987952043507549,30.884803771972656
1632987952044046758,30.886356353759766
1632987952044288613,30.885440826416016
1632987952054207392,30.883596420288086
1632987952054564686,30.882375717163086
1632987952054751393,30.88269805908203
1632987952054978653,30.884252548217773
1632987952055196251,30.88456916809082
1632987952055444035,30.88396453857422
1632987952064795185,30.88336181640625
1632987952065034480,30.882444381713867
1632987952065259785,30.88276481628418
1632987952075218816,30.88153648376465
1632987952075501506,30.88155746459961
1632987952075766056,30.8834285736084
1632987952085695207,30.88467788696289
1632987952086151346,30.88499641418457
1632987952086279045,30.883766174316406
1632987952096115156,30.881925582885742
1632987952096434886,30.88224983215332
1632987952096669248,30.88319206237793
1632987952106527842,30.884437561035156
1632987952107002813,30.884136199951172
1632987952107254368,30.883222579956055
1632987952117110213,30.883235931396484
1632987952117412982,30.882936477661133
1632987952117683196,30.88294792175293
1632987952127595448,30.88296127319336
1632987952127939287,30.88298225402832
1632987952128184238,30.885160446166992
1632987952138033018,30.88640594482422
1632987952138384953,30.88456153869629
1632987952138613828,30.882719039916992
1632987952148528770,30.88211441040039
1632987952148952288,30.88274383544922
1632987952149181362,30.884607315063477
1632987952149431835,30.884923934936523
1632987952159098877,30.884939193725586
1632987952159559653,30.883712768554688
1632987952159757783,30.883411407470703
1632987952169569799,30.883113861083984
1632987952169957256,30.881887435913086
1632987952170189998,30.882526397705078
1632987952180447774,30.88408851623535
1632987952181017774,30.885337829589844
1632987952181290225,30.885963439941406
1632987952190716186,30.883193969726562
1632987952191319179,30.88228416442871
1632987952191568738,30.88229751586914
1632987952191736297,30.883543014526367
1632987952201439315,30.885404586791992
1632987952201728864,30.884796142578125
1632987952201883900,30.884193420410156
1632987952211844999,30.883586883544922
1632987952212219952,30.882667541503906
1632987952212486563,30.882061004638672
1632987952212733943,30.881458282470703
1632987952222509793,30.883024215698242
1632987952222771025,30.884897232055664
1632987952232875467,30.885520935058594
1632987952233133639,30.885221481323242
1632987952233313328,30.882761001586914
1632987952243265333,30.881542205810547
1632987952243538869,30.882789611816406
1632987952243757763,30.883726119995117
1632987952253751746,30.884353637695312
1632987952253981468,30.884057998657227
1632987952254222528,30.883758544921875
1632987952264186055,30.883459091186523
1632987952264499931,30.882848739624023
1632987952264764931,30.881935119628906
1632987952274664446,30.882568359375
1632987952274948209,30.88443946838379
1632987952275170771,30.886306762695312
1632987952285196961,30.88569450378418
1632987952285479225,30.88385581970215
1632987952285788352,30.88232421875
1632987952295591282,30.88233757019043
1632987952295864524,30.883893966674805
1632987952296127851,30.884830474853516
1632987952306005561,30.88453483581543
1632987952306448614,30.883928298950195
1632987952306622924,30.883630752563477
1632987952316554213,30.88332748413086
1632987952316953094,30.88272476196289
1632987952317156620,30.882123947143555
1632987952327060784,30.883377075195312
1632987952327357498,30.88493537902832
1632987952327641040,30.885562896728516
1632987952327892258,30.884336471557617
1632987952337676198,30.88249969482422
1632987952337956305,30.88189697265625
1632987952338207003,30.883451461791992
1632987952348058949,30.88438606262207
1632987952348446527,30.884395599365234
1632987952348627666,30.883792877197266
1632987952358511449,30.883495330810547
1632987952358897261,30.88381004333496
1632987952359136788,30.882583618164062
1632987952369071693,30.881980895996094
1632987952369391238,30.88261604309082
1632987952369633195,30.884485244750977
1632987952369882242,30.885732650756836
1632987952379636373,30.885120391845703
1632987952379859118,30.883586883544922
1632987952380100514,30.882366180419922
1632987952390086046,30.8826904296875
1632987952390374850,30.884244918823242
1632987952390593895,30.884252548217773
1632987952400514874,30.88395881652832
1632987952400741690,30.88335418701172
1632987952401095052,30.882747650146484
1632987952410959189,30.88275718688965
1632987952411186725,30.88214874267578
1632987952411441566,30.88216781616211
1632987952421432301,30.883729934692383
1632987952421741457,30.88528823852539
1632987952422041774,30.885297775268555
1632987952422230692,30.883760452270508
1632987952432090577,30.881610870361328
1632987952432289252,30.882551193237305
1632987952442327848,30.8831844329834
1632987952442687999,30.884429931640625
1632987952442880895,30.884441375732422
1632987952452789953,30.883525848388672
1632987952453109488,30.88322639465332
1632987952453305505,30.883237838745117
1632987952463378281,30.882631301879883
1632987952463741981,30.882646560668945
1632987952463908064,30.883281707763672
1632987952473799486,30.885147094726562
1632987952474078110,30.886083602905273
1632987952474322886,30.88454818725586
1632987952484244604,30.88301658630371
1632987952484436089,30.882102966308594
1632987952484693267,30.883039474487305
1632987952484884990,30.884906768798828
1632987952494742353,30.884916305541992
1632987952494982637,30.88431167602539
1632987952495209637,30.883399963378906
1632987952505188403,30.882787704467773
1632987952505427341,30.882797241210938
1632987952505679181,30.881887435913086
1632987952515642855,30.88283348083496
1632987952515897048,30.884395599365234
1632987952516130663,30.885637283325195
1632987952526110571,30.88564682006836
1632987952526570888,30.882877349853516
1632987952526815007,30.88165855407715
1632987952527157491,30.88197898864746
1632987952536820722,30.88353157043457
1632987952536943003,30.88477897644043
1632987952537182724,30.884483337402344
1632987952547229969,30.883569717407227
1632987952547429198,30.883583068847656
1632987952547711162,30.882970809936523
1632987952557633259,30.88205337524414
1632987952557886352,30.882070541381836
1632987952558133281,30.88332748413086
1632987952558369006,30.885194778442383
1632987952568252152,30.885820388793945
1632987952568571502,30.88459014892578
1632987952568777900,30.882131576538086
1632987952578759801,30.8818359375
1632987952579035117,30.883394241333008
1632987952579198216,30.884641647338867
1632987952589184402,30.884342193603516
1632987952589414331,30.884044647216797
1632987952589585553,30.883440017700195
1632987952599585210,30.883451461791992
1632987952599795535,30.88315200805664
1632987952600094114,30.881622314453125
1632987952610059447,30.882566452026367
1632987952610264210,30.884437561035156
1632987952610489315,30.885684967041016
1632987952620476595,30.885385513305664
1632987952620687508,30.883230209350586
1632987952620885861,30.882007598876953
1632987952631025988,30.882638931274414
1632987952631156478,30.88388442993164
1632987952631494791,30.884822845458984
1632987952631676004,30.8845272064209
1632987952641624398,30.88391876220703
1632987952641755389,30.88361930847168
1632987952651802321,30.88332176208496
1632987952652153346,30.882408142089844
1632987952652286998,30.882118225097656
1632987952662355240,30.88336944580078
1632987952662795221,30.885543823242188
1632987952662963076,30.88555145263672
1632987952672765627,30.884017944335938
1632987952673110858,30.882179260253906
1632987952673375157,30.88188362121582
1632987952683336140,30.883438110351562
1632987952683625817,30.884063720703125
1632987952683824848,30.884077072143555
1632987952693823573,30.8837833404541
1632987952693929902,30.883174896240234
1632987952694184730,30.88287353515625
1632987952704198739,30.8819580078125
1632987952704346245,30.881668090820312
1632987952704563987,30.88230323791504
1632987952714558388,30.884172439575195
1632987952714776609,30.885417938232422
1632987952715013846,30.884498596191406
1632987952715227569,30.882658004760742
1632987952725202043,30.882057189941406
1632987952725377741,30.882997512817383
1632987952725592884,30.884553909301758
1632987952735568559,30.884868621826172
1632987952735827720,30.883644104003906
1632987952736218067,30.883657455444336
1632987952736479711,30.8836669921875
1632987952736721280,30.883365631103516
1632987952746376159,30.882761001586914
1632987952746628683,30.882776260375977
1632987952756601170,30.885265350341797
1632987952756812436,30.885896682739258
1632987952757038483,30.88528823852539
1632987952767054827,30.883750915527344
1632987952767248489,30.882221221923828
1632987952767505907,30.882854461669922
1632987952777537270,30.88410186767578
1632987952777858708,30.884729385375977
1632987952778103899,30.884428024291992
1632987952788013412,30.88320541381836
1632987952788179608,30.883214950561523
1632987952788491925,30.882915496826172
1632987952798466777,30.882001876831055
1632987952798731329,30.88201904296875
1632987952798895462,30.883581161499023
1632987952799186160,30.885135650634766
1632987952809014558,30.885459899902344
1632987952809228318,30.8833065032959
1632987952809447112,30.881465911865234
1632987952819465480,30.881481170654297
1632987952819642358,30.883039474487305
1632987952819919346,30.884281158447266
1632987952829908941,30.88398551940918
1632987952830100691,30.883691787719727
1632987952830306817,30.883390426635742
1632987952840324919,30.883092880249023
1632987952840556191,30.882789611816406
1632987952840955308,30.881877899169922
1632987952841194670,30.883134841918945
1632987952851132677,30.885313034057617
1632987952851466307,30.885936737060547
1632987952861415058,30.885639190673828
1632987952861569886,30.8831787109375
1632987952861814224,30.8819580078125
1632987952871973845,30.883207321166992
1632987952871986209,30.884143829345703
1632987952872280224,30.884769439697266
1632987952882355253,30.884780883789062
1632987952882672478,30.883869171142578
1632987952882852232,30.88418960571289
1632987952892817347,30.882959365844727
1632987952892986717,30.882047653198242
1632987952893239444,30.882373809814453
1632987952903343921,30.88362693786621
1632987952903448491,30.8854923248291
1632987952903599512,30.88581085205078
1632987952913632166,30.883655548095703
1632987952913864087,30.881816864013672
1632987952914120484,30.881832122802734
1632987952924156283,30.883081436157227
1632987952924267518,30.884326934814453
1632987952924497595,30.8840274810791
1632987952924783751,30.883731842041016
1632987952934626215,30.883434295654297
1632987952934894447,30.883136749267578
1632987952935129162,30.88191032409668
1632987952935367209,30.88161849975586
1632987952945295209,30.88256072998047
1632987952945457289,30.884740829467773
1632987952945744565,30.88567352294922
1632987952955801296,30.88506507873535
1632987952955969962,30.882606506347656
1632987952956261349,30.881999969482422
1632987952966151531,30.882938385009766
1632987952966345928,30.883878707885742
1632987952966616783,30.88450813293457
1632987952976628249,30.883901596069336
1632987952976901969,30.88360595703125
1632987952987208334,30.8833065032959
1632987952987391558,30.8826961517334
1632987952987525137,30.882402420043945
1632987952997391363,30.882423400878906
1632987952997590160,30.88367462158203
1632987952997849353,30.88553810119629
1632987953007854941,30.88554573059082
1632987953008084674,30.883705139160156
1632987953008281308,30.882173538208008
1632987953008515083,30.88187599182129
1632987953018427765,30.884050369262695
1632987953018644747,30.884368896484375
1632987953018872800,30.883764266967773
1632987953028869643,30.883468627929688
1632987953029163546,30.88317108154297
1632987953029328695,30.88348960876465
1632987953039322545,30.8825740814209
1632987953039541302,30.88258934020996
1632987953039898761,30.88384437561035
1632987953040026014,30.88540267944336
1632987953049944384,30.885719299316406
1632987953050155373,30.88418197631836
1632987953050603331,30.882034301757812
1632987953050835970,30.882667541503906
1632987953060571795,30.883604049682617
1632987953060719332,30.884540557861328
1632987953070796807,30.88486099243164
1632987953070987968,30.883636474609375
1632987953071230414,30.883338928222656
1632987953082440976,30.883041381835938
1632987953082447890,30.88243293762207
1632987953082452554,30.882139205932617
1632987953091821734,30.882776260375977
1632987953091917856,30.884334564208984
1632987953092138019,30.885583877563477
1632987953102248711,30.884355545043945
1632987953102468993,30.882822036743164
1632987953102572094,30.88191032409668
1632987953112599142,30.88254165649414
1632987953112867865,30.8844051361084
1632987953113072493,30.884416580200195
1632987953123073439,30.88381004333496
1632987953123256926,30.883203506469727
1632987953123536045,30.88259506225586
1632987953133593054,30.882604598999023
1632987953133784894,30.88169288635254
1632987953133996479,30.882638931274414
1632987953134238067,30.88450813293457
1632987953144067493,30.88544464111328
1632987953144373218,30.88514518737793
1632987953154407106,30.883302688598633
1632987953154699383,30.881771087646484
1632987953155119263,30.88209342956543
1632987953155375956,30.883338928222656
1632987953155632451,30.8848934173584
1632987953165239600,30.88459587097168
1632987953165468984,30.883991241455078
1632987953175495811,30.88369369506836
1632987953175695649,30.88308334350586
1632987953175941114,30.88278579711914
1632987953185965606,30.882184982299805
1632987953186247507,30.883440017700195
1632987953186504191,30.885927200317383
1632987953196415483,30.885934829711914
1632987953196553870,30.884397506713867
1632987953196919651,30.882556915283203
1632987953206942595,30.881956100463867
1632987953207114895,30.88320541381836
1632987953207283827,30.884449005126953
1632987953217273142,30.884456634521484
1632987953217527138,30.884471893310547
1632987953217725891,30.883556365966797
1632987953227710628,30.883258819580078
1632987953227912830,30.88265037536621
1632987953228218618,30.881425857543945
1632987953238171611,30.88237190246582
1632987953238397064,30.88424301147461
1632987953238664399,30.885799407958984
1632987953238900702,30.88518714904785
1632987953248727043,30.882728576660156
1632987953249037265,30.88181495666504
1632987953249194186,30.882139205932617
1632987953259198961,30.883075714111328
1632987953259419318,30.884321212768555
1632987953259841097,30.883712768554688
1632987953260048676,30.8834171295166
1632987953269845483,30.8834285736084
1632987953270157845,30.8828182220459
1632987953280227470,30.882524490356445
1632987953280466563,30.882230758666992
1632987953280664423,30.88348388671875
1632987953280917028,30.88534927368164
1632987953290670380,30.88566780090332
1632987953290864428,30.884443283081055
1632987953291078009,30.882295608520508
1632987953301100239,30.882308959960938
1632987953301286289,30.883865356445312
1632987953301516704,30.884492874145508
1632987953311498625,30.884506225585938
1632987953311741513,30.884517669677734
1632987953311968330,30.883602142333984
1632987953322052801,30.883609771728516
1632987953322264404,30.88300132751465
1632987953322478510,30.882400512695312
1632987953322767705,30.883037567138672
1632987953332596507,30.884597778320312
1632987953332992158,30.885839462280273
1632987953333231697,30.884920120239258
1632987953343084994,30.88277244567871
1632987953343341255,30.882478713989258
1632987953353415891,30.88311004638672
1632987953353718932,30.88404655456543
1632987953353963302,30.88405418395996
1632987953354207142,30.883140563964844
1632987953363991932,30.882844924926758
1632987953364593372,30.882856369018555
1632987953364810836,30.882247924804688
1632987953374646977,30.88225746154785
1632987953374946461,30.882585525512695
1632987953375176258,30.88414764404297
1632987953385189134,30.885704040527344
1632987953385456981,30.884782791137695
1632987953385660475,30.883249282836914
1632987953395528866,30.8817195892334
1632987953395766811,30.882659912109375
1632987953395981496,30.8839054107666
1632987953406181603,30.884227752685547
1632987953406292322,30.883928298950195
1632987953406420688,30.883323669433594
1632987953416380269,30.883028030395508
1632987953416644341,30.88273048400879
1632987953416862510,30.882123947143555
1632987953426779602,30.882448196411133
1632987953427080573,30.884010314941406
1632987953427397455,30.885568618774414
1632987953437264679,30.88588523864746
1632987953437569820,30.8834228515625
1632987953437767061,30.88188934326172
1632987953447745414,30.882522583007812
1632987953448011399,30.88376808166504
1632987953448257384,30.885013580322266
1632987953458196523,30.884716033935547
1632987953458496663,30.884113311767578
1632987953458762512,30.884122848510742
1632987953468670684,30.88289451599121
1632987953469187491,30.882287979125977
1632987953469404797,30.88199806213379
1632987953469781320,30.883251190185547
1632987953479400283,30.885425567626953
1632987953479918193,30.885433197021484
1632987953480077469,30.8845157623291
1632987953489834888,30.882984161376953
1632987953490074409,30.88145637512207
1632987953490243240,30.882705688476562
1632987953500287320,30.884258270263672
1632987953500514724,30.88457489013672
1632987953500782511,30.883974075317383
1632987953510682689,30.8830623626709
1632987953510934324,30.883377075195312
1632987953511146666,30.88245964050293
1632987953521206386,30.881546020507812
1632987953521429741,30.882492065429688
1632987953521660959,30.88374900817871
1632987953531576279,30.88591957092285
1632987953531880455,30.885311126708984
1632987953532196463,30.883155822753906
1632987953532417793,30.881935119628906
1632987953542226521,30.8819522857666
1632987953542550350,30.883506774902344
1632987953542824263,30.884748458862305
1632987953552671758,30.884140014648438
1632987953552972692,30.88384437561035
1632987953553201617,30.883548736572266
1632987953563174691,30.882938385009766
1632987953563478145,30.88233184814453
1632987953563689036,30.881731033325195
1632987953563943843,30.882984161376953
1632987953573864027,30.885162353515625
1632987953574133946,30.88517189025879
1632987953574381513,30.88394546508789
1632987953574624849,30.88210105895996
1632987953584509770,30.882116317749023
1632987953594551659,30.88367462158203
1632987953594765618,30.884611129760742
1632987953594974520,30.884620666503906
1632987953605044430,30.884016036987305
1632987953605327541,30.883100509643555
1632987953605442434,30.8834171295166
1632987953615415062,30.882503509521484
1632987953615613266,30.881898880004883
1632987953615862332,30.88284683227539
1632987953616118524,30.884716033935547
1632987953626023581,30.885961532592773
1632987953626209932,30.884735107421875
1632987953626458889,30.882585525512695
1632987953636409772,30.881980895996094
1632987953636663995,30.882610321044922
1632987953636862396,30.884164810180664
1632987953646905161,30.884174346923828
1632987953647173732,30.883567810058594
1632987953647402002,30.883583068847656
1632987953657316170,30.882972717285156
1632987953657524630,30.882980346679688
1632987953657758452,30.882375717163086
1632987953667783274,30.88208770751953
1632987953668036712,30.883960723876953
1632987953668226387,30.885204315185547
1632987953678207596,30.884593963623047
1632987953678510810,30.882749557495117
1632987953678763613,30.881532669067383
1632987953679082610,30.882471084594727
1632987953689014241,30.883718490600586
1632987953689264549,30.884653091430664
1632987953699120353,30.88466453552246
1632987953699353983,30.883440017700195
1632987953699627962,30.883453369140625
1632987953699912446,30.883153915405273
1632987953700115530,30.88223648071289
1632987953709811963,30.8825626373291
1632987953710016634,30.883508682250977
1632987953710272779,30.885068893432617
1632987953720220976,30.886005401611328
1632987953720412367,30.884159088134766
1632987953720671888,30.88231658935547
1632987953730682960,30.88233184814453
1632987953730903574,30.883892059326172
1632987953731132855,30.8851375579834
1632987953741171547,30.884531021118164
1632987953741429718,30.883922576904297
1632987953751507003,30.883623123168945
1632987953751741248,30.883014678955078
1632987953751930101,30.882410049438477
1632987953752150999,30.881807327270508
1632987953762049059,30.88275146484375
1632987953762252439,30.884620666503906
1632987953762524671,30.88524627685547
1632987953772592462,30.8846378326416
1632987953772859834,30.88217544555664
1632987953773092546,30.88126564025879
1632987953783093317,30.88251304626465
1632987953783304267,30.883758544921875
1632987953783596675,30.884387969970703
1632987953783829689,30.88409423828125
1632987953793793298,30.883176803588867
1632987953793998854,30.88318634033203
1632987953804027686,30.882577896118164
1632987953804231822,30.881664276123047
1632987953804384449,30.882610321044922
1632987953814451693,30.88386344909668
1632987953814590424,30.88572883605957
1632987953814853369,30.885425567626953
1632987953824879723,30.883272171020508
1632987953825051832,30.881746292114258
1632987953825285193,30.881759643554688
1632987953835283452,30.883623123168945
1632987953835474952,30.884868621826172
1632987953835707829,30.884262084960938
1632987953845751507,30.883970260620117
1632987953845962045,30.883670806884766
1632987953846274440,30.88336753845215
1632987953846543778,30.882761001586914
1632987953846794184,30.882158279418945
1632987953856482941,30.88341522216797
1632987953856685875,30.885282516479492
1632987953857397546,30.885601043701172
1632987953866969773,30.884370803833008
1632987953867145689,30.882219314575195
1632987953867370152,30.881925582885742
1632987953877375731,30.883174896240234
1632987953877604550,30.884111404418945
1632987953877813582,30.884431838989258
1632987953887850397,30.883825302124023
1632987953888104466,30.883220672607422
1632987953888392964,30.883230209350586
1632987953888614761,30.882312774658203
1632987953898526578,30.882022857666016
1632987953898721750,30.88265609741211
1632987953908744912,30.883907318115234
1632987953908957865,30.885461807250977
1632987953909171472,30.884544372558594
1632987953919150509,30.88270378112793
1632987953919360974,30.882099151611328
1632987953919622357,30.88273048400879
1632987953929620438,30.88428497314453
1632987953929866534,30.88460350036621
1632987953930075324,30.883689880371094
1632987953930320458,30.883392333984375
1632987953940257458,30.882781982421875
1632987953940424129,30.883102416992188
1632987953950545469,30.882190704345703
1632987953950860101,30.882518768310547
1632987953951064927,30.884387969970703
1632987953951299666,30.885013580322266
1632987953961101965,30.88502311706543
1632987953961422055,30.88348960876465
1632987953971462535,30.881959915161133
1632987953971833627,30.882898330688477
1632987953971949497,30.88383674621582
1632987953972207818,30.884464263916016
1632987953982127610,30.884782791137695
1632987953982436134,30.88294219970703
1632987953992447710,30.882953643798828
1632987953992683039,30.882652282714844
1632987953993096253,30.882043838500977
1632987953993238985,30.88237190246582
1632987953993523347,30.88300895690918
1632987953993743662,30.88518714904785
1632987954003348422,30.88550567626953
1632987954003517015,30.88365936279297
1632987954013594318,30.881818771362305
1632987954013764244,30.881834030151367
1632987954013988666,30.883392333984375
1632987954023996376,30.884946823120117
1632987954024181956,30.884645462036133
1632987954024429346,30.88404083251953
1632987954034416394,30.883432388305664
1632987954034605401,30.882827758789062
1632987954034843233,30.882837295532227
1632987954044859092,30.88192367553711
1632987954045159552,30.8831787109375
1632987954045328615,30.88473892211914
1632987954055367266,30.885366439819336
1632987954055551621,30.885066986083984
1632987954055759173,30.882299423217773
1632987954065796507,30.881383895874023
1632987954065997295,30.8829402923584
1632987954066251111,30.883878707885742
1632987954076255956,30.884817123413086
1632987954076464202,30.884517669677734
1632987954076679543,30.883913040161133
1632987954076984250,30.883609771728516
1632987954086834125,30.8826961517334
1632987954087109760,30.881784439086914
1632987954087354569,30.88241958618164
1632987954097323558,30.883363723754883
1632987954097561424,30.884918212890625
1632987954097847079,30.884929656982422
1632987954098049909,30.883085250854492
1632987954107944283,30.881866455078125
1632987954108199216,30.88157081604004
1632987954118166788,30.883432388305664
1632987954118355989,30.884368896484375
1632987954118591127,30.88407325744629
1632987954128581750,30.88408660888672
1632987954128838199,30.883169174194336
1632987954129080858,30.882869720458984
1632987954139166919,30.882261276245117
1632987954139323484,30.881662368774414
1632987954139480743,30.88322639465332
1632987954149542685,30.88478660583496
1632987954149799396,30.88541030883789
1632987954149924173,30.88479995727539
1632987954159943475,30.882030487060547
1632987954160254737,30.881738662719727
1632987954160391112,30.883296966552734
1632987954170392309,30.884231567382812
1632987954170654590,30.88454818725586
1632987954170889508,30.88394546508789
1632987954180952532,30.88364601135254
1632987954181082360,30.883346557617188
1632987954181396570,30.882431030273438
1632987954191371925,30.88213539123535
1632987954191564375,30.883079528808594
1632987954191786431,30.884023666381836
1632987954192082917,30.885581970214844
1632987954201918794,30.884973526000977
1632987954202140023,30.882822036743164
1632987954202517214,30.881601333618164
1632987954212578943,30.88192367553711
1632987954212834943,30.8837890625
1632987954222808295,30.884416580200195
1632987954222976935,30.88381004333496
1632987954223210293,30.883512496948242
1632987954223460285,30.882904052734375
1632987954233384408,30.883222579956055
1632987954233541227,30.882001876831055
1632987954233737016,30.882017135620117
1632987954243749628,30.884199142456055
1632987954243959325,30.88544464111328
1632987954244235726,30.885456085205078
1632987954244440552,30.88361358642578
1632987954254292791,30.882080078125
1632987954254506747,30.882402420043945
1632987954254737714,30.883647918701172
1632987954264725146,30.88489532470703
1632987954264978421,30.884906768798828
1632987954265190817,30.883684158325195
1632987954275169664,30.883386611938477
1632987954275388731,30.883081436157227
1632987954275657646,30.88247299194336
1632987954285716023,30.882184982299805
1632987954285973845,30.882822036743164
1632987954286296301,30.884689331054688
1632987954296119268,30.885623931884766
1632987954296364711,30.883779525756836
1632987954296575075,30.882246017456055
1632987954306581435,30.881336212158203
1632987954306917683,30.88289451599121
1632987954307177884,30.884140014648438
1632987954307480625,30.8841495513916
1632987954317252045,30.883853912353516
1632987954317456345,30.882633209228516
1632987954327522480,30.88233184814453
1632987954327685790,30.882341384887695
1632987954327922511,30.881738662719727
1632987954337910393,30.882993698120117
1632987954338124904,30.884244918823242
1632987954338352316,30.885181427001953
1632987954348381525,30.885190963745117
1632987954348568310,30.882728576660156
1632987954348843534,30.88181495666504
1632987954349100378,30.882755279541016
1632987954358979616,30.884002685546875
1632987954359231774,30.88494110107422
1632987954359430410,30.88433265686035
1632987954369433720,30.88372802734375
1632987954369651345,30.88373565673828
1632987954369882583,30.88250732421875
1632987954379860553,30.882211685180664
1632987954380060790,30.882234573364258
1632987954380287931,30.88410186767578
1632987954390365564,30.886276245117188
1632987954390749340,30.885976791381836
1632987954390842122,30.88413429260254
1632987954400750802,30.881982803344727
1632987954401071065,30.88168716430664
1632987954401152079,30.8829345703125
1632987954411201884,30.88418197631836
1632987954411385653,30.883886337280273
1632987954411734288,30.88389778137207
1632987954411982947,30.88298225402832
1632987954421839035,30.88268280029297
1632987954422030445,30.8820743560791
1632987954432066767,30.8814754486084
1632987954432333205,30.882423400878906
1632987954432533983,30.884288787841797
1632987954442588903,30.885225296020508
1632987954442770105,30.884305953979492
1632987954443012303,30.882156372070312
1632987954453025169,30.88186264038086
1632987954453249204,30.88249397277832
1632987954453601975,30.88404655456543
1632987954453823842,30.88436508178711
1632987954454054135,30.883758544921875
1632987954463680772,30.883769989013672
1632987954464013482,30.883161544799805
1632987954464194944,30.88255500793457
1632987954474265243,30.88225746154785
1632987954474490762,30.882278442382812
1632987954474707478,30.8841495513916
1632987954484663074,30.88570785522461
1632987954484949658,30.885095596313477
1632987954485179017,30.88355827331543
1632987954495190884,30.8817195892334
1632987954495411041,30.88235092163086
1632987954495621783,30.883907318115234
1632987954505588490,30.884225845336914
1632987954505975448,30.88423728942871
1632987954506194044,30.88363265991211
1632987954516027274,30.883333206176758
1632987954516321787,30.88303565979004
1632987954516576628,30.881813049316406
1632987954517222842,30.882137298583984
1632987954526753126,30.883392333984375
1632987954526915268,30.884641647338867
1632987954536889044,30.884960174560547
1632987954537135077,30.883424758911133
1632987954537341683,30.881893157958984
1632987954547373352,30.88221549987793
1632987954547573367,30.88346290588379
1632987954547876353,30.884706497192383
1632987954548058775,30.884408950805664
1632987954557938033,30.883493423461914
1632987954558129657,30.88350486755371
1632987954568330017,30.88289451599121
1632987954568496882,30.882596969604492
1632987954568704749,30.881996154785156
1632987954578810893,30.88294219970703
1632987954578947835,30.88450050354004
1632987954579241964,30.88543701171875
1632987954589200183,30.884519577026367
1632987954589511818,30.88267707824707
1632987954589786935,30.88176918029785
1632987954599654882,30.883014678955078
1632987954599903735,30.884258270263672
1632987954600244086,30.884578704833984
1632987954600475575,30.883974075317383
1632987954600737931,30.883060455322266
1632987954610347545,30.883068084716797
1632987954610652612,30.882766723632812
1632987954610858394,30.881855010986328
1632987954620761115,30.882801055908203
1632987954621084913,30.88405418395996
1632987954621347373,30.88530158996582
1632987954621620076,30.884693145751953
1632987954631484138,30.882848739624023
1632987954631731306,30.88162612915039
1632987954641745093,30.882261276245117
1632987954641913294,30.883817672729492
1632987954642158767,30.885061264038086
1632987954652163491,30.884143829345703
1632987954652352533,30.8835391998291
1632987954652588111,30.883548736572266
1632987954662616151,30.882938385009766
1632987954662803483,30.88233184814453
1632987954663038843,30.882038116455078
1632987954673120682,30.883604049682617
1632987954673342046,30.88547134399414
1632987954673493464,30.885478973388672
1632987954683610112,30.88394546508789
1632987954683890473,30.881793975830078
1632987954684195564,30.881498336791992
