time,filename
1633007790627924732,road_drive00000.png
1633007790732056533,road_drive00001.png
1633007790835744744,road_drive00002.png
1633007790933507181,road_drive00003.png
1633007791037285313,road_drive00004.png
1633007791131482286,road_drive00005.png
1633007791235073939,road_drive00006.png
1633007791332564934,road_drive00007.png
1633007791438388268,road_drive00008.png
1633007791527227275,road_drive00009.png
1633007791634549243,road_drive00010.png
1633007791728376438,road_drive00011.png
1633007791841519272,road_drive00012.png
1633007791934256782,road_drive00013.png
1633007792028908751,road_drive00014.png
1633007792138787031,road_drive00015.png
1633007792240400812,road_drive00016.png
1633007792339719303,road_drive00017.png
1633007792433437996,road_drive00018.png
1633007792536917445,road_drive00019.png
1633007792628509956,road_drive00020.png
1633007792730553693,road_drive00021.png
1633007792833102038,road_drive00022.png
1633007792929958794,road_drive00023.png
1633007793026341011,road_drive00024.png
1633007793137270052,road_drive00025.png
1633007793228461501,road_drive00026.png
1633007793329319458,road_drive00027.png
1633007793432517524,road_drive00028.png
1633007793530414166,road_drive00029.png
1633007793626595254,road_drive00030.png
1633007793730870573,road_drive00031.png
1633007793830469799,road_drive00032.png
1633007793929463612,road_drive00033.png
1633007794032584526,road_drive00034.png
1633007794125808472,road_drive00035.png
1633007794233109205,road_drive00036.png
1633007794329151287,road_drive00037.png
1633007794430581590,road_drive00038.png
1633007794532952560,road_drive00039.png
1633007794632272284,road_drive00040.png
1633007794729984899,road_drive00041.png
1633007794826069398,road_drive00042.png
1633007794931129259,road_drive00043.png
1633007795028827525,road_drive00044.png
1633007795126632311,road_drive00045.png
1633007795225213509,road_drive00046.png
1633007795324249565,road_drive00047.png
1633007795435786365,road_drive00048.png
1633007795528367037,road_drive00049.png
1633007795632198205,road_drive00050.png
1633007795722935682,road_drive00051.png
1633007795830210495,road_drive00052.png
1633007795925113292,road_drive00053.png
1633007796025157970,road_drive00054.png
1633007796132866286,road_drive00055.png
1633007796234695074,road_drive00056.png
1633007796325181272,road_drive00057.png
1633007796433898027,road_drive00058.png
1633007796522833574,road_drive00059.png
1633007796629021685,road_drive00060.png
1633007796728107826,road_drive00061.png
1633007796824869926,road_drive00062.png
1633007796937063126,road_drive00063.png
1633007797026232948,road_drive00064.png
1633007797129251856,road_drive00065.png
1633007797227859498,road_drive00066.png
1633007797336219311,road_drive00067.png
1633007797425960925,road_drive00068.png
1633007797530288316,road_drive00069.png
1633007797626986715,road_drive00070.png
1633007797732695064,road_drive00071.png
1633007797828146761,road_drive00072.png
1633007797927638908,road_drive00073.png
1633007798033782132,road_drive00074.png
1633007798125164226,road_drive00075.png
1633007798231922707,road_drive00076.png
1633007798326956486,road_drive00077.png
1633007798428266067,road_drive00078.png
1633007798545121734,road_drive00079.png
1633007798624171489,road_drive00080.png
1633007798729070633,road_drive00081.png
1633007798828584125,road_drive00082.png
1633007798926638078,road_drive00083.png
1633007799032057925,road_drive00084.png
1633007799134663865,road_drive00085.png
1633007799227504631,road_drive00086.png
1633007799336554700,road_drive00087.png
1633007799432585796,road_drive00088.png
1633007799531951589,road_drive00089.png
1633007799627869166,road_drive00090.png
1633007799729242490,road_drive00091.png
1633007799838022586,road_drive00092.png
1633007799932993320,road_drive00093.png
1633007800031725398,road_drive00094.png
1633007800133736775,road_drive00095.png
1633007800244565519,road_drive00096.png
1633007800345832078,road_drive00097.png
1633007800439401015,road_drive00098.png
1633007800546528837,road_drive00099.png
1633007800639690731,road_drive00100.png
1633007800742249516,road_drive00101.png
1633007800842772656,road_drive00102.png
1633007800940712359,road_drive00103.png
1633007801040291321,road_drive00104.png
1633007801132207405,road_drive00105.png
1633007801239337735,road_drive00106.png
1633007801340056624,road_drive00107.png
1633007801440228701,road_drive00108.png
1633007801540278248,road_drive00109.png
1633007801639090365,road_drive00110.png
1633007801734849714,road_drive00111.png
1633007801838125219,road_drive00112.png
1633007801938382261,road_drive00113.png
1633007802040364654,road_drive00114.png
1633007802139117304,road_drive00115.png
1633007802233644072,road_drive00116.png
1633007802334128451,road_drive00117.png
1633007802434774803,road_drive00118.png
1633007802531271588,road_drive00119.png
1633007802633808308,road_drive00120.png
1633007802739240872,road_drive00121.png
1633007802830264195,road_drive00122.png
1633007802935390169,road_drive00123.png
1633007803037517377,road_drive00124.png
1633007803129244843,road_drive00125.png
1633007803230722494,road_drive00126.png
1633007803331659816,road_drive00127.png
1633007803428497059,road_drive00128.png
1633007803528662766,road_drive00129.png
1633007803630665150,road_drive00130.png
1633007803741506295,road_drive00131.png
1633007803835977203,road_drive00132.png
1633007803931383944,road_drive00133.png
1633007804032723892,road_drive00134.png
1633007804129528526,road_drive00135.png
1633007804232582517,road_drive00136.png
1633007804325989828,road_drive00137.png
1633007804432843129,road_drive00138.png
1633007804535079421,road_drive00139.png
1633007804633089435,road_drive00140.png
1633007804735441779,road_drive00141.png
1633007804833396487,road_drive00142.png
1633007804936953818,road_drive00143.png
1633007805031520126,road_drive00144.png
1633007805137438769,road_drive00145.png
1633007805231337350,road_drive00146.png
1633007805329189905,road_drive00147.png
1633007805450333525,road_drive00148.png
1633007805527670527,road_drive00149.png
1633007805633603648,road_drive00150.png
1633007805732963583,road_drive00151.png
1633007805831827651,road_drive00152.png
1633007805926470221,road_drive00153.png
1633007806035598698,road_drive00154.png
1633007806126573128,road_drive00155.png
1633007806229295753,road_drive00156.png
1633007806334096903,road_drive00157.png
1633007806433346828,road_drive00158.png
1633007806534820484,road_drive00159.png
1633007806632450506,road_drive00160.png
1633007806731871188,road_drive00161.png
1633007806828560028,road_drive00162.png
1633007806934438116,road_drive00163.png
1633007807029062014,road_drive00164.png
1633007807133050523,road_drive00165.png
1633007807227853586,road_drive00166.png
1633007807326857575,road_drive00167.png
1633007807428705036,road_drive00168.png
1633007807531606695,road_drive00169.png
1633007807631694076,road_drive00170.png
1633007807729280227,road_drive00171.png
1633007807829022310,road_drive00172.png
1633007807928916695,road_drive00173.png
1633007808026575235,road_drive00174.png
1633007808136103540,road_drive00175.png
1633007808225798979,road_drive00176.png
1633007808330447053,road_drive00177.png
1633007808431142053,road_drive00178.png
1633007808527290662,road_drive00179.png
1633007808643765997,road_drive00180.png
1633007808732647875,road_drive00181.png
1633007808831442575,road_drive00182.png
1633007808937886847,road_drive00183.png
1633007809033877064,road_drive00184.png
1633007809129941981,road_drive00185.png
1633007809235557165,road_drive00186.png
1633007809342352779,road_drive00187.png
1633007809425731065,road_drive00188.png
1633007809528182851,road_drive00189.png
1633007809626417290,road_drive00190.png
1633007809726412787,road_drive00191.png
1633007809823776809,road_drive00192.png
1633007809928941438,road_drive00193.png
1633007810036433320,road_drive00194.png
1633007810127308307,road_drive00195.png
1633007810235958278,road_drive00196.png
1633007810326536347,road_drive00197.png
1633007810430070613,road_drive00198.png
1633007810529523194,road_drive00199.png
1633007810627831393,road_drive00200.png
1633007810725684074,road_drive00201.png
1633007810833577381,road_drive00202.png
1633007810925689896,road_drive00203.png
1633007811027919336,road_drive00204.png
1633007811132267012,road_drive00205.png
1633007811231279734,road_drive00206.png
1633007811332343957,road_drive00207.png
1633007811431056366,road_drive00208.png
1633007811531756234,road_drive00209.png
1633007811629421326,road_drive00210.png
1633007811730072715,road_drive00211.png
1633007811831677675,road_drive00212.png
1633007811926063973,road_drive00213.png
1633007812031568080,road_drive00214.png
1633007812129429617,road_drive00215.png
1633007812230106233,road_drive00216.png
1633007812326697013,road_drive00217.png
1633007812431649081,road_drive00218.png
1633007812527941074,road_drive00219.png
1633007812630041465,road_drive00220.png
1633007812732394858,road_drive00221.png
1633007812827265240,road_drive00222.png
1633007812934100703,road_drive00223.png
1633007813030310185,road_drive00224.png
1633007813126247544,road_drive00225.png
1633007813235599366,road_drive00226.png
1633007813324883892,road_drive00227.png
1633007813425667380,road_drive00228.png
1633007813526536255,road_drive00229.png
1633007813623325553,road_drive00230.png
1633007813723505532,road_drive00231.png
1633007813827559248,road_drive00232.png
1633007813932194575,road_drive00233.png
1633007814031261220,road_drive00234.png
1633007814129100264,road_drive00235.png
1633007814227249063,road_drive00236.png
1633007814327032677,road_drive00237.png
1633007814432315010,road_drive00238.png
1633007814524717632,road_drive00239.png
1633007814624933014,road_drive00240.png
1633007814729654363,road_drive00241.png
1633007814831981898,road_drive00242.png
1633007814927541337,road_drive00243.png
1633007815033748133,road_drive00244.png
1633007815125496574,road_drive00245.png
1633007815231494158,road_drive00246.png
1633007815331887380,road_drive00247.png
1633007815428505743,road_drive00248.png
1633007815530875859,road_drive00249.png
1633007815632029393,road_drive00250.png
1633007815725178427,road_drive00251.png
1633007815822383257,road_drive00252.png
1633007815924811464,road_drive00253.png
1633007816026713355,road_drive00254.png
1633007816126524306,road_drive00255.png
1633007816228722640,road_drive00256.png
1633007816336979201,road_drive00257.png
1633007816427670290,road_drive00258.png
1633007816531551283,road_drive00259.png
1633007816627478489,road_drive00260.png
1633007816725758735,road_drive00261.png
1633007816827343885,road_drive00262.png
1633007816924149080,road_drive00263.png
1633007817035127013,road_drive00264.png
1633007817131451875,road_drive00265.png
1633007817229984166,road_drive00266.png
1633007817321773760,road_drive00267.png
1633007817428233149,road_drive00268.png
1633007817525539062,road_drive00269.png
1633007817627524850,road_drive00270.png
1633007817726983247,road_drive00271.png
1633007817822574285,road_drive00272.png
1633007817928590113,road_drive00273.png
1633007818032159113,road_drive00274.png
1633007818126690463,road_drive00275.png
1633007818226284848,road_drive00276.png
1633007818334117269,road_drive00277.png
1633007818428268869,road_drive00278.png
1633007818525717285,road_drive00279.png
1633007818629303300,road_drive00280.png
1633007818727519666,road_drive00281.png
1633007818831682716,road_drive00282.png
1633007818925902028,road_drive00283.png
1633007819028745534,road_drive00284.png
1633007819131085972,road_drive00285.png
1633007819228671075,road_drive00286.png
1633007819328705010,road_drive00287.png
1633007819431080538,road_drive00288.png
1633007819525277162,road_drive00289.png
1633007819629922214,road_drive00290.png
1633007819723298062,road_drive00291.png
1633007819833817034,road_drive00292.png
1633007819924014293,road_drive00293.png
1633007820026388927,road_drive00294.png
1633007820123511507,road_drive00295.png
1633007820224353380,road_drive00296.png
1633007820333326807,road_drive00297.png
1633007820428358675,road_drive00298.png
1633007820529106139,road_drive00299.png
1633007820624970675,road_drive00300.png
1633007820734560957,road_drive00301.png
1633007820828736251,road_drive00302.png
1633007820926167407,road_drive00303.png
1633007821030279491,road_drive00304.png
1633007821129427781,road_drive00305.png
1633007821230938126,road_drive00306.png
1633007821330404223,road_drive00307.png
1633007821427403054,road_drive00308.png
1633007821530613648,road_drive00309.png
1633007821631773107,road_drive00310.png
1633007821727965612,road_drive00311.png
1633007821837538450,road_drive00312.png
1633007821934811531,road_drive00313.png
1633007822038863498,road_drive00314.png
1633007822136854626,road_drive00315.png
1633007822233877434,road_drive00316.png
1633007822339387964,road_drive00317.png
1633007822432965822,road_drive00318.png
1633007822536651864,road_drive00319.png
1633007822635829457,road_drive00320.png
1633007822735303206,road_drive00321.png
1633007822837653775,road_drive00322.png
1633007822942421148,road_drive00323.png
1633007823031887972,road_drive00324.png
1633007823140271489,road_drive00325.png
1633007823232950714,road_drive00326.png
1633007823330039794,road_drive00327.png
1633007823434954370,road_drive00328.png
1633007823529299717,road_drive00329.png
1633007823644036460,road_drive00330.png
1633007823737961912,road_drive00331.png
1633007823838240677,road_drive00332.png
1633007823936244612,road_drive00333.png
1633007824034532665,road_drive00334.png
1633007824138226633,road_drive00335.png
1633007824232819012,road_drive00336.png
1633007824338183345,road_drive00337.png
1633007824438663236,road_drive00338.png
1633007824531217032,road_drive00339.png
1633007824633282898,road_drive00340.png
1633007824733604954,road_drive00341.png
1633007824836479014,road_drive00342.png
1633007824935005091,road_drive00343.png
1633007825029567582,road_drive00344.png
1633007825129418317,road_drive00345.png
1633007825231688192,road_drive00346.png
1633007825336464568,road_drive00347.png
1633007825429211614,road_drive00348.png
1633007825533663797,road_drive00349.png
1633007825628200976,road_drive00350.png
1633007825734822839,road_drive00351.png
1633007825826481856,road_drive00352.png
1633007825930159755,road_drive00353.png
1633007826036899682,road_drive00354.png
1633007826131182381,road_drive00355.png
1633007826226640761,road_drive00356.png
1633007826330258384,road_drive00357.png
1633007826428841372,road_drive00358.png
1633007826533665666,road_drive00359.png
1633007826630563567,road_drive00360.png
1633007826726759548,road_drive00361.png
1633007826829142882,road_drive00362.png
1633007826943644533,road_drive00363.png
1633007827028699252,road_drive00364.png
1633007827128020935,road_drive00365.png
1633007827230784660,road_drive00366.png
1633007827329654365,road_drive00367.png
1633007827428063110,road_drive00368.png
1633007827530388781,road_drive00369.png
1633007827641006834,road_drive00370.png
1633007827725146540,road_drive00371.png
1633007827836740519,road_drive00372.png
1633007827927631224,road_drive00373.png
1633007828032850376,road_drive00374.png
1633007828125957968,road_drive00375.png
1633007828228876111,road_drive00376.png
1633007828323663774,road_drive00377.png
1633007828432086299,road_drive00378.png
1633007828526571995,road_drive00379.png
1633007828636902249,road_drive00380.png
1633007828722245052,road_drive00381.png
1633007828825062313,road_drive00382.png
1633007828928174975,road_drive00383.png
1633007829027423858,road_drive00384.png
1633007829130444062,road_drive00385.png
1633007829235165656,road_drive00386.png
1633007829324722536,road_drive00387.png
1633007829426669245,road_drive00388.png
1633007829524542123,road_drive00389.png
1633007829629437775,road_drive00390.png
1633007829728717549,road_drive00391.png
1633007829826056653,road_drive00392.png
1633007829926995242,road_drive00393.png
1633007830030294428,road_drive00394.png
1633007830130484669,road_drive00395.png
1633007830223695862,road_drive00396.png
1633007830340707941,road_drive00397.png
1633007830426289560,road_drive00398.png
1633007830527668376,road_drive00399.png
1633007830630670344,road_drive00400.png
1633007830733158650,road_drive00401.png
1633007830832488957,road_drive00402.png
1633007830930274151,road_drive00403.png
1633007831027541032,road_drive00404.png
1633007831126547277,road_drive00405.png
1633007831230117378,road_drive00406.png
1633007831331383934,road_drive00407.png
1633007831429360134,road_drive00408.png
1633007831532657359,road_drive00409.png
1633007831628607002,road_drive00410.png
1633007831732286747,road_drive00411.png
1633007831830504404,road_drive00412.png
1633007831930942049,road_drive00413.png
1633007832028445228,road_drive00414.png
1633007832131928915,road_drive00415.png
1633007832227042234,road_drive00416.png
1633007832327607742,road_drive00417.png
1633007832427716597,road_drive00418.png
1633007832531378181,road_drive00419.png
1633007832631458040,road_drive00420.png
1633007832727324654,road_drive00421.png
1633007832829324206,road_drive00422.png
1633007832926360459,road_drive00423.png
1633007833035963283,road_drive00424.png
1633007833126616519,road_drive00425.png
1633007833235136308,road_drive00426.png
1633007833332090142,road_drive00427.png
1633007833427735613,road_drive00428.png
1633007833525481368,road_drive00429.png
1633007833633134574,road_drive00430.png
1633007833723057660,road_drive00431.png
1633007833829535784,road_drive00432.png
1633007833927786260,road_drive00433.png
1633007834026052499,road_drive00434.png
1633007834127378582,road_drive00435.png
1633007834232362104,road_drive00436.png
1633007834325372432,road_drive00437.png
1633007834431216170,road_drive00438.png
1633007834526072050,road_drive00439.png
1633007834622692184,road_drive00440.png
1633007834729285042,road_drive00441.png
1633007834830198727,road_drive00442.png
1633007834925608154,road_drive00443.png
1633007835028437276,road_drive00444.png
1633007835128103358,road_drive00445.png
1633007835235107257,road_drive00446.png
1633007835327021426,road_drive00447.png
1633007835432705236,road_drive00448.png
1633007835525625446,road_drive00449.png
1633007835631256037,road_drive00450.png
1633007835728783152,road_drive00451.png
1633007835826464988,road_drive00452.png
1633007835933012391,road_drive00453.png
1633007836029976042,road_drive00454.png
1633007836125370105,road_drive00455.png
1633007836230633270,road_drive00456.png
1633007836327827577,road_drive00457.png
1633007836432958834,road_drive00458.png
1633007836526050106,road_drive00459.png
1633007836628515804,road_drive00460.png
1633007836728510430,road_drive00461.png
1633007836825790007,road_drive00462.png
1633007836942085467,road_drive00463.png
1633007837026185148,road_drive00464.png
1633007837128933081,road_drive00465.png
1633007837231273701,road_drive00466.png
1633007837322934781,road_drive00467.png
1633007837423124033,road_drive00468.png
1633007837527424793,road_drive00469.png
1633007837624779988,road_drive00470.png
1633007837726047201,road_drive00471.png
1633007837827522965,road_drive00472.png
1633007837923635773,road_drive00473.png
1633007838025946136,road_drive00474.png
1633007838133964328,road_drive00475.png
1633007838225264990,road_drive00476.png
1633007838327813082,road_drive00477.png
1633007838435718252,road_drive00478.png
1633007838526222127,road_drive00479.png
1633007838629365228,road_drive00480.png
1633007838729058670,road_drive00481.png
1633007838826830339,road_drive00482.png
1633007838932790329,road_drive00483.png
1633007839030679272,road_drive00484.png
1633007839123528830,road_drive00485.png
1633007839226598443,road_drive00486.png
1633007839327853072,road_drive00487.png
1633007839429865446,road_drive00488.png
1633007839529465340,road_drive00489.png
1633007839634467209,road_drive00490.png
1633007839727561284,road_drive00491.png
1633007839825448072,road_drive00492.png
1633007839932737897,road_drive00493.png
1633007840027585880,road_drive00494.png
1633007840124779916,road_drive00495.png
1633007840228821350,road_drive00496.png
1633007840329662268,road_drive00497.png
1633007840429361156,road_drive00498.png
1633007840528947781,road_drive00499.png
1633007840627233033,road_drive00500.png
1633007840729807645,road_drive00501.png
1633007840831850309,road_drive00502.png
1633007840928843204,road_drive00503.png
1633007841024536685,road_drive00504.png
1633007841128969776,road_drive00505.png
1633007841226794981,road_drive00506.png
1633007841328143096,road_drive00507.png
1633007841431920480,road_drive00508.png
1633007841526683803,road_drive00509.png
1633007841630265057,road_drive00510.png
1633007841725917087,road_drive00511.png
1633007841834595090,road_drive00512.png
1633007841924437989,road_drive00513.png
1633007842029278780,road_drive00514.png
1633007842129030220,road_drive00515.png
1633007842223424777,road_drive00516.png
1633007842335159667,road_drive00517.png
1633007842430183510,road_drive00518.png
1633007842523917917,road_drive00519.png
1633007842631831373,road_drive00520.png
1633007842730437521,road_drive00521.png
1633007842833254451,road_drive00522.png
1633007842934373893,road_drive00523.png
1633007843026569969,road_drive00524.png
1633007843127897576,road_drive00525.png
1633007843231709360,road_drive00526.png
1633007843341042170,road_drive00527.png
1633007843426500234,road_drive00528.png
1633007843529626429,road_drive00529.png
1633007843628822069,road_drive00530.png
1633007843728451615,road_drive00531.png
1633007843827954670,road_drive00532.png
1633007843927516093,road_drive00533.png
1633007844038963804,road_drive00534.png
1633007844129262385,road_drive00535.png
1633007844237299861,road_drive00536.png
1633007844325111785,road_drive00537.png
1633007844443283688,road_drive00538.png
1633007844524089069,road_drive00539.png
1633007844629766615,road_drive00540.png
1633007844726042511,road_drive00541.png
1633007844828064205,road_drive00542.png
1633007844934430224,road_drive00543.png
1633007845038513716,road_drive00544.png
1633007845132016729,road_drive00545.png
1633007845236705412,road_drive00546.png
1633007845332234407,road_drive00547.png
1633007845427161904,road_drive00548.png
1633007845530512099,road_drive00549.png
1633007845633049155,road_drive00550.png
1633007845725227943,road_drive00551.png
1633007845831598061,road_drive00552.png
1633007845926483051,road_drive00553.png
1633007846030380708,road_drive00554.png
1633007846128316609,road_drive00555.png
1633007846232940328,road_drive00556.png
1633007846345000257,road_drive00557.png
1633007846428525763,road_drive00558.png
1633007846530692748,road_drive00559.png
1633007846624906074,road_drive00560.png
1633007846728618766,road_drive00561.png
1633007846828032259,road_drive00562.png
1633007846927571829,road_drive00563.png
1633007847032121277,road_drive00564.png
1633007847125776463,road_drive00565.png
1633007847226385673,road_drive00566.png
1633007847335906161,road_drive00567.png
1633007847429898078,road_drive00568.png
1633007847531304654,road_drive00569.png
1633007847627447056,road_drive00570.png
1633007847732919242,road_drive00571.png
1633007847826577298,road_drive00572.png
1633007847928659208,road_drive00573.png
1633007848030726455,road_drive00574.png
1633007848126447754,road_drive00575.png
1633007848228324848,road_drive00576.png
1633007848330569955,road_drive00577.png
1633007848429576553,road_drive00578.png
1633007848527759304,road_drive00579.png
1633007848629390661,road_drive00580.png
1633007848726228833,road_drive00581.png
1633007848828657680,road_drive00582.png
1633007848933351290,road_drive00583.png
1633007849028487955,road_drive00584.png
1633007849132569329,road_drive00585.png
1633007849231829442,road_drive00586.png
1633007849324545714,road_drive00587.png
1633007849429490650,road_drive00588.png
1633007849533393465,road_drive00589.png
1633007849627981428,road_drive00590.png
1633007849723703428,road_drive00591.png
1633007849834439635,road_drive00592.png
1633007849931149962,road_drive00593.png
1633007850027851940,road_drive00594.png
1633007850130453108,road_drive00595.png
1633007850231301455,road_drive00596.png
1633007850326602817,road_drive00597.png
1633007850433617789,road_drive00598.png
1633007850532458620,road_drive00599.png
1633007850626683104,road_drive00600.png
1633007850734558020,road_drive00601.png
1633007850824782596,road_drive00602.png
1633007850931390580,road_drive00603.png
1633007851024852408,road_drive00604.png
1633007851124974023,road_drive00605.png
1633007851234708058,road_drive00606.png
1633007851331437595,road_drive00607.png
1633007851430691029,road_drive00608.png
1633007851529435729,road_drive00609.png
1633007851628799375,road_drive00610.png
1633007851731409958,road_drive00611.png
1633007851829148160,road_drive00612.png
1633007851932606517,road_drive00613.png
1633007852025660667,road_drive00614.png
1633007852129641131,road_drive00615.png
1633007852233610369,road_drive00616.png
1633007852323892981,road_drive00617.png
1633007852426303815,road_drive00618.png
1633007852530561606,road_drive00619.png
1633007852642395453,road_drive00620.png
1633007852729561821,road_drive00621.png
1633007852829403178,road_drive00622.png
1633007852928018128,road_drive00623.png
1633007853029840289,road_drive00624.png
1633007853130346977,road_drive00625.png
1633007853231648024,road_drive00626.png
1633007853329137113,road_drive00627.png
1633007853428014704,road_drive00628.png
1633007853529813224,road_drive00629.png
1633007853627414275,road_drive00630.png
1633007853729341531,road_drive00631.png
1633007853831767350,road_drive00632.png
1633007853933844957,road_drive00633.png
1633007854032862471,road_drive00634.png
1633007854131625332,road_drive00635.png
1633007854228710205,road_drive00636.png
1633007854332217109,road_drive00637.png
1633007854431769794,road_drive00638.png
1633007854531267562,road_drive00639.png
1633007854637579264,road_drive00640.png
1633007854729378477,road_drive00641.png
1633007854837388432,road_drive00642.png
1633007854929712154,road_drive00643.png
1633007855026276329,road_drive00644.png
1633007855133335496,road_drive00645.png
1633007855231064970,road_drive00646.png
1633007855331648374,road_drive00647.png
1633007855428068452,road_drive00648.png
1633007855530187360,road_drive00649.png
1633007855634880606,road_drive00650.png
1633007855728076220,road_drive00651.png
1633007855830099448,road_drive00652.png
1633007855930994991,road_drive00653.png
1633007856029529794,road_drive00654.png
1633007856134084527,road_drive00655.png
1633007856227805357,road_drive00656.png
1633007856329345240,road_drive00657.png
1633007856435368086,road_drive00658.png
1633007856529805267,road_drive00659.png
1633007856628986382,road_drive00660.png
1633007856727721840,road_drive00661.png
1633007856831317948,road_drive00662.png
1633007856934463818,road_drive00663.png
1633007857032859328,road_drive00664.png
1633007857133170628,road_drive00665.png
1633007857232840177,road_drive00666.png
1633007857334079913,road_drive00667.png
1633007857430116111,road_drive00668.png
1633007857529222910,road_drive00669.png
1633007857630516653,road_drive00670.png
1633007857729270428,road_drive00671.png
1633007857833490708,road_drive00672.png
1633007857933123004,road_drive00673.png
1633007858033085390,road_drive00674.png
1633007858132992723,road_drive00675.png
1633007858232041623,road_drive00676.png
1633007858327784945,road_drive00677.png
1633007858441765247,road_drive00678.png
1633007858529665719,road_drive00679.png
1633007858630055911,road_drive00680.png
1633007858737735652,road_drive00681.png
1633007858834884424,road_drive00682.png
1633007858940273251,road_drive00683.png
1633007859030259852,road_drive00684.png
1633007859134998494,road_drive00685.png
1633007859227728473,road_drive00686.png
1633007859329431341,road_drive00687.png
1633007859433144122,road_drive00688.png
1633007859536026865,road_drive00689.png
1633007859633869303,road_drive00690.png
1633007859737056729,road_drive00691.png
1633007859830131247,road_drive00692.png
1633007859940308546,road_drive00693.png
1633007860033513122,road_drive00694.png
1633007860136260361,road_drive00695.png
1633007860236933256,road_drive00696.png
1633007860333347542,road_drive00697.png
1633007860431249192,road_drive00698.png
1633007860531989596,road_drive00699.png
1633007860631860718,road_drive00700.png
1633007860727501405,road_drive00701.png
1633007860831559210,road_drive00702.png
1633007860929338386,road_drive00703.png
1633007861028143973,road_drive00704.png
1633007861129481171,road_drive00705.png
1633007861229845304,road_drive00706.png
1633007861328048468,road_drive00707.png
1633007861431439554,road_drive00708.png
1633007861535017548,road_drive00709.png
1633007861632277711,road_drive00710.png
1633007861731512269,road_drive00711.png
1633007861834710028,road_drive00712.png
1633007861929129649,road_drive00713.png
1633007862026671057,road_drive00714.png
1633007862126179239,road_drive00715.png
1633007862231368479,road_drive00716.png
1633007862330919435,road_drive00717.png
1633007862427667282,road_drive00718.png
1633007862533481022,road_drive00719.png
1633007862626778350,road_drive00720.png
1633007862728620832,road_drive00721.png
1633007862825463615,road_drive00722.png
1633007862928274691,road_drive00723.png
1633007863031375094,road_drive00724.png
1633007863127403829,road_drive00725.png
1633007863230973654,road_drive00726.png
1633007863329699034,road_drive00727.png
1633007863429651084,road_drive00728.png
1633007863529670989,road_drive00729.png
1633007863634203031,road_drive00730.png
1633007863729848926,road_drive00731.png
1633007863827154764,road_drive00732.png
1633007863931179698,road_drive00733.png
1633007864027390584,road_drive00734.png
1633007864125083257,road_drive00735.png
1633007864228568232,road_drive00736.png
1633007864328703510,road_drive00737.png
1633007864425403572,road_drive00738.png
1633007864528645455,road_drive00739.png
1633007864625611459,road_drive00740.png
1633007864727966935,road_drive00741.png
1633007864827233720,road_drive00742.png
1633007864927216487,road_drive00743.png
1633007865026819964,road_drive00744.png
1633007865136817791,road_drive00745.png
1633007865229503329,road_drive00746.png
1633007865328693719,road_drive00747.png
1633007865431777260,road_drive00748.png
1633007865534019049,road_drive00749.png
1633007865626633430,road_drive00750.png
1633007865728560410,road_drive00751.png
1633007865834104958,road_drive00752.png
1633007865922939426,road_drive00753.png
1633007866032428831,road_drive00754.png
1633007866127834833,road_drive00755.png
1633007866236768620,road_drive00756.png
1633007866326847764,road_drive00757.png
1633007866428369845,road_drive00758.png
1633007866531500017,road_drive00759.png
1633007866629091933,road_drive00760.png
1633007866725749184,road_drive00761.png
1633007866831761830,road_drive00762.png
1633007866936660180,road_drive00763.png
1633007867027437728,road_drive00764.png
1633007867130395707,road_drive00765.png
1633007867231552721,road_drive00766.png
1633007867329320869,road_drive00767.png
1633007867434380136,road_drive00768.png
1633007867533086829,road_drive00769.png
1633007867636399579,road_drive00770.png
1633007867724985037,road_drive00771.png
1633007867833411101,road_drive00772.png
1633007867925409718,road_drive00773.png
1633007868034639394,road_drive00774.png
1633007868134874246,road_drive00775.png
1633007868224207569,road_drive00776.png
1633007868327427809,road_drive00777.png
1633007868434265007,road_drive00778.png
1633007868528357283,road_drive00779.png
1633007868625491415,road_drive00780.png
1633007868728172030,road_drive00781.png
1633007868825771557,road_drive00782.png
1633007868927006959,road_drive00783.png
1633007869027922676,road_drive00784.png
1633007869125106362,road_drive00785.png
1633007869227186516,road_drive00786.png
1633007869325110488,road_drive00787.png
1633007869427408594,road_drive00788.png
1633007869529687816,road_drive00789.png
1633007869630607443,road_drive00790.png
1633007869733444242,road_drive00791.png
1633007869832978437,road_drive00792.png
1633007869926936744,road_drive00793.png
1633007870029145353,road_drive00794.png
1633007870125469784,road_drive00795.png
1633007870234809432,road_drive00796.png
1633007870331288007,road_drive00797.png
1633007870424806467,road_drive00798.png
1633007870532015928,road_drive00799.png
1633007870624941396,road_drive00800.png
1633007870727889841,road_drive00801.png
1633007870828287619,road_drive00802.png
1633007870938631976,road_drive00803.png
1633007871031014291,road_drive00804.png
1633007871133107907,road_drive00805.png
1633007871225238571,road_drive00806.png
1633007871326771247,road_drive00807.png
1633007871426736969,road_drive00808.png
1633007871530174416,road_drive00809.png
1633007871629945314,road_drive00810.png
1633007871733554800,road_drive00811.png
1633007871826287392,road_drive00812.png
1633007871930319127,road_drive00813.png
1633007872030943870,road_drive00814.png
1633007872129804620,road_drive00815.png
1633007872227746589,road_drive00816.png
1633007872331014074,road_drive00817.png
1633007872435621817,road_drive00818.png
1633007872538206333,road_drive00819.png
1633007872635707084,road_drive00820.png
1633007872730135116,road_drive00821.png
1633007872823155797,road_drive00822.png
1633007872925038670,road_drive00823.png
1633007873026314422,road_drive00824.png
1633007873127790297,road_drive00825.png
1633007873234020384,road_drive00826.png
1633007873328943663,road_drive00827.png
1633007873432507003,road_drive00828.png
1633007873529376216,road_drive00829.png
1633007873627040911,road_drive00830.png
1633007873727304903,road_drive00831.png
1633007873831887440,road_drive00832.png
1633007873926547212,road_drive00833.png
1633007874029277761,road_drive00834.png
1633007874128570671,road_drive00835.png
1633007874227383528,road_drive00836.png
1633007874327639681,road_drive00837.png
1633007874430613987,road_drive00838.png
1633007874534597191,road_drive00839.png
1633007874627606813,road_drive00840.png
1633007874735067625,road_drive00841.png
1633007874824805288,road_drive00842.png
1633007874925406687,road_drive00843.png
1633007875027835998,road_drive00844.png
1633007875131580887,road_drive00845.png
1633007875237243916,road_drive00846.png
1633007875330449950,road_drive00847.png
1633007875425829462,road_drive00848.png
1633007875525333758,road_drive00849.png
1633007875633759125,road_drive00850.png
1633007875725725846,road_drive00851.png
1633007875826895108,road_drive00852.png
1633007875945449824,road_drive00853.png
1633007876027476695,road_drive00854.png
1633007876133373261,road_drive00855.png
1633007876230231516,road_drive00856.png
1633007876329615781,road_drive00857.png
1633007876431467262,road_drive00858.png
1633007876527597499,road_drive00859.png
1633007876630596832,road_drive00860.png
1633007876730405655,road_drive00861.png
1633007876837265627,road_drive00862.png
1633007876926062652,road_drive00863.png
1633007877031342787,road_drive00864.png
1633007877126156033,road_drive00865.png
1633007877227371623,road_drive00866.png
1633007877326139026,road_drive00867.png
1633007877426548176,road_drive00868.png
1633007877532806960,road_drive00869.png
1633007877633458126,road_drive00870.png
1633007877739273321,road_drive00871.png
1633007877825428097,road_drive00872.png
1633007877928796739,road_drive00873.png
1633007878037437610,road_drive00874.png
1633007878128061609,road_drive00875.png
1633007878229453260,road_drive00876.png
1633007878328116816,road_drive00877.png
1633007878426896513,road_drive00878.png
1633007878528903253,road_drive00879.png
1633007878627009808,road_drive00880.png
1633007878732480864,road_drive00881.png
1633007878833622666,road_drive00882.png
1633007878932345610,road_drive00883.png
1633007879027317683,road_drive00884.png
1633007879133056784,road_drive00885.png
1633007879229348598,road_drive00886.png
1633007879328754136,road_drive00887.png
1633007879437501156,road_drive00888.png
1633007879526974247,road_drive00889.png
1633007879629290443,road_drive00890.png
1633007879725860340,road_drive00891.png
1633007879831396899,road_drive00892.png
1633007879928701504,road_drive00893.png
1633007880032315130,road_drive00894.png
1633007880127240433,road_drive00895.png
1633007880235960157,road_drive00896.png
1633007880324917097,road_drive00897.png
1633007880441511433,road_drive00898.png
1633007880525899772,road_drive00899.png
1633007880625036568,road_drive00900.png
1633007880731956417,road_drive00901.png
1633007880824977366,road_drive00902.png
1633007880928523399,road_drive00903.png
1633007881034295008,road_drive00904.png
1633007881149371479,road_drive00905.png
1633007881229223690,road_drive00906.png
1633007881331554705,road_drive00907.png
1633007881428285276,road_drive00908.png
1633007881531521461,road_drive00909.png
1633007881638910368,road_drive00910.png
1633007881724881087,road_drive00911.png
1633007881832291839,road_drive00912.png
1633007881930215958,road_drive00913.png
1633007882032326636,road_drive00914.png
1633007882131470376,road_drive00915.png
1633007882229922874,road_drive00916.png
1633007882333221369,road_drive00917.png
1633007882424448258,road_drive00918.png
1633007882531613292,road_drive00919.png
1633007882629210850,road_drive00920.png
1633007882732733569,road_drive00921.png
1633007882835906097,road_drive00922.png
1633007882925783385,road_drive00923.png
1633007883028375948,road_drive00924.png
1633007883126675400,road_drive00925.png
1633007883232231683,road_drive00926.png
1633007883328607809,road_drive00927.png
1633007883429059379,road_drive00928.png
1633007883527391996,road_drive00929.png
1633007883634578758,road_drive00930.png
1633007883728531750,road_drive00931.png
1633007883827435847,road_drive00932.png
1633007883934884044,road_drive00933.png
1633007884037631346,road_drive00934.png
1633007884127400790,road_drive00935.png
1633007884226958444,road_drive00936.png
1633007884329284475,road_drive00937.png
1633007884430162012,road_drive00938.png
1633007884530917060,road_drive00939.png
1633007884628173774,road_drive00940.png
1633007884732444033,road_drive00941.png
1633007884829592293,road_drive00942.png
1633007884927100685,road_drive00943.png
1633007885031470479,road_drive00944.png
1633007885124143721,road_drive00945.png
1633007885236992544,road_drive00946.png
1633007885326629782,road_drive00947.png
1633007885430181881,road_drive00948.png
1633007885530106745,road_drive00949.png
1633007885630816760,road_drive00950.png
1633007885732175398,road_drive00951.png
1633007885835803274,road_drive00952.png
1633007885927163719,road_drive00953.png
1633007886030800639,road_drive00954.png
1633007886133638320,road_drive00955.png
1633007886237743329,road_drive00956.png
1633007886329497248,road_drive00957.png
1633007886430217594,road_drive00958.png
1633007886526865065,road_drive00959.png
1633007886627757702,road_drive00960.png
1633007886726085094,road_drive00961.png
1633007886831803014,road_drive00962.png
1633007886941390253,road_drive00963.png
1633007887032032731,road_drive00964.png
1633007887135254127,road_drive00965.png
1633007887224374798,road_drive00966.png
1633007887331796192,road_drive00967.png
1633007887425120668,road_drive00968.png
1633007887528109144,road_drive00969.png
1633007887648326852,road_drive00970.png
1633007887727483900,road_drive00971.png
1633007887834182255,road_drive00972.png
1633007887933956135,road_drive00973.png
1633007888029049505,road_drive00974.png
1633007888129077368,road_drive00975.png
1633007888234103877,road_drive00976.png
1633007888333881965,road_drive00977.png
1633007888433221072,road_drive00978.png
1633007888537313379,road_drive00979.png
1633007888630569546,road_drive00980.png
1633007888732704173,road_drive00981.png
1633007888839327453,road_drive00982.png
1633007888931839593,road_drive00983.png
1633007889039115024,road_drive00984.png
1633007889132320554,road_drive00985.png
1633007889234858753,road_drive00986.png
1633007889334332017,road_drive00987.png
1633007889432152749,road_drive00988.png
1633007889535351237,road_drive00989.png
1633007889627497896,road_drive00990.png
1633007889728353530,road_drive00991.png
1633007889827156702,road_drive00992.png
1633007889930608065,road_drive00993.png
1633007890040037598,road_drive00994.png
1633007890129533459,road_drive00995.png
1633007890233708092,road_drive00996.png
1633007890329952393,road_drive00997.png
1633007890429541408,road_drive00998.png
1633007890529431840,road_drive00999.png
1633007890636491703,road_drive01000.png
1633007890738634418,road_drive01001.png
1633007890829441876,road_drive01002.png
1633007890931914512,road_drive01003.png
1633007891028099314,road_drive01004.png
1633007891136571528,road_drive01005.png
1633007891229248861,road_drive01006.png
1633007891329729856,road_drive01007.png
1633007891444917786,road_drive01008.png
1633007891533765662,road_drive01009.png
1633007891635963277,road_drive01010.png
1633007891728696633,road_drive01011.png
1633007891832364828,road_drive01012.png
1633007891929647333,road_drive01013.png
1633007892032638740,road_drive01014.png
1633007892129520594,road_drive01015.png
1633007892238929365,road_drive01016.png
1633007892327641499,road_drive01017.png
1633007892436264631,road_drive01018.png
1633007892535376672,road_drive01019.png
1633007892633931451,road_drive01020.png
1633007892730489049,road_drive01021.png
1633007892831388001,road_drive01022.png
1633007892933075234,road_drive01023.png
1633007893033084803,road_drive01024.png
1633007893129286272,road_drive01025.png
1633007893229071160,road_drive01026.png
1633007893336576412,road_drive01027.png
1633007893431153090,road_drive01028.png
1633007893531612125,road_drive01029.png
1633007893633534953,road_drive01030.png
1633007893728549486,road_drive01031.png
1633007893829968795,road_drive01032.png
1633007893929127917,road_drive01033.png
1633007894032187554,road_drive01034.png
1633007894137293385,road_drive01035.png
1633007894232027495,road_drive01036.png
1633007894328455308,road_drive01037.png
1633007894437274420,road_drive01038.png
1633007894533114602,road_drive01039.png
1633007894634132428,road_drive01040.png
1633007894731462597,road_drive01041.png
1633007894839449269,road_drive01042.png
1633007894930660339,road_drive01043.png
1633007895032062111,road_drive01044.png
1633007895144295528,road_drive01045.png
1633007895229763406,road_drive01046.png
1633007895332006194,road_drive01047.png
1633007895437930337,road_drive01048.png
1633007895532451444,road_drive01049.png
1633007895639623465,road_drive01050.png
1633007895733876735,road_drive01051.png
1633007895825261528,road_drive01052.png
1633007895935403678,road_drive01053.png
1633007896031424150,road_drive01054.png
1633007896130546185,road_drive01055.png
1633007896228271631,road_drive01056.png
1633007896339911084,road_drive01057.png
1633007896437146563,road_drive01058.png
1633007896531155572,road_drive01059.png
1633007896640365259,road_drive01060.png
1633007896727929496,road_drive01061.png
1633007896829347173,road_drive01062.png
1633007896933320381,road_drive01063.png
1633007897028846715,road_drive01064.png
1633007897138345742,road_drive01065.png
1633007897236468096,road_drive01066.png
1633007897332311280,road_drive01067.png
1633007897440588396,road_drive01068.png
1633007897530078550,road_drive01069.png
1633007897629602238,road_drive01070.png
1633007897734301090,road_drive01071.png
1633007897835735321,road_drive01072.png
1633007897928306693,road_drive01073.png
1633007898034907675,road_drive01074.png
1633007898133008746,road_drive01075.png
1633007898236008667,road_drive01076.png
1633007898327085013,road_drive01077.png
1633007898433024182,road_drive01078.png
1633007898531863861,road_drive01079.png
1633007898625298412,road_drive01080.png
1633007898733676250,road_drive01081.png
1633007898841172384,road_drive01082.png
1633007898930962444,road_drive01083.png
1633007899029920837,road_drive01084.png
1633007899129277083,road_drive01085.png
1633007899228639034,road_drive01086.png
1633007899329157322,road_drive01087.png
1633007899429113624,road_drive01088.png
1633007899532234114,road_drive01089.png
1633007899635241603,road_drive01090.png
1633007899727820062,road_drive01091.png
1633007899827946778,road_drive01092.png
1633007899932544192,road_drive01093.png
1633007900030050810,road_drive01094.png
1633007900127884158,road_drive01095.png
1633007900233538929,road_drive01096.png
1633007900326914518,road_drive01097.png
1633007900435681737,road_drive01098.png
1633007900530313496,road_drive01099.png
1633007900631396886,road_drive01100.png
1633007900729256660,road_drive01101.png
1633007900835867105,road_drive01102.png
1633007900929910513,road_drive01103.png
1633007901030759779,road_drive01104.png
1633007901133862159,road_drive01105.png
1633007901227351594,road_drive01106.png
1633007901333316068,road_drive01107.png
1633007901432895666,road_drive01108.png
1633007901528918512,road_drive01109.png
1633007901632747937,road_drive01110.png
1633007901733970563,road_drive01111.png
1633007901829871820,road_drive01112.png
1633007901933352649,road_drive01113.png
1633007902032040989,road_drive01114.png
1633007902129340177,road_drive01115.png
1633007902232365636,road_drive01116.png
1633007902340515103,road_drive01117.png
1633007902424748036,road_drive01118.png
1633007902529989230,road_drive01119.png
1633007902628886004,road_drive01120.png
1633007902725256706,road_drive01121.png
1633007902830951159,road_drive01122.png
1633007902927540699,road_drive01123.png
1633007903031972051,road_drive01124.png
1633007903134614771,road_drive01125.png
1633007903233187048,road_drive01126.png
1633007903331047793,road_drive01127.png
1633007903435378558,road_drive01128.png
1633007903537026394,road_drive01129.png
1633007903633338843,road_drive01130.png
1633007903730841985,road_drive01131.png
1633007903832946577,road_drive01132.png
1633007903932024433,road_drive01133.png
1633007904028710206,road_drive01134.png
1633007904134521385,road_drive01135.png
1633007904226421086,road_drive01136.png
1633007904329822077,road_drive01137.png
1633007904441532875,road_drive01138.png
1633007904534622450,road_drive01139.png
1633007904632368178,road_drive01140.png
1633007904732469723,road_drive01141.png
1633007904830484866,road_drive01142.png
1633007904929589469,road_drive01143.png
1633007905037233139,road_drive01144.png
1633007905132147688,road_drive01145.png
1633007905234313247,road_drive01146.png
1633007905329366172,road_drive01147.png
1633007905430407442,road_drive01148.png
1633007905534093451,road_drive01149.png
1633007905631442158,road_drive01150.png
1633007905727337402,road_drive01151.png
1633007905827319815,road_drive01152.png
1633007905933478798,road_drive01153.png
1633007906035110204,road_drive01154.png
1633007906125815753,road_drive01155.png
1633007906233865966,road_drive01156.png
1633007906334765549,road_drive01157.png
1633007906429376309,road_drive01158.png
1633007906536747159,road_drive01159.png
1633007906630883191,road_drive01160.png
1633007906734799658,road_drive01161.png
1633007906840585949,road_drive01162.png
1633007906930416457,road_drive01163.png
1633007907041207183,road_drive01164.png
1633007907129648471,road_drive01165.png
1633007907232719081,road_drive01166.png
1633007907331824463,road_drive01167.png
1633007907434010551,road_drive01168.png
1633007907535165902,road_drive01169.png
1633007907632406542,road_drive01170.png
1633007907736466420,road_drive01171.png
1633007907840118136,road_drive01172.png
1633007907931562703,road_drive01173.png
1633007908040813437,road_drive01174.png
1633007908134206371,road_drive01175.png
1633007908235739325,road_drive01176.png
1633007908334265415,road_drive01177.png
1633007908430960314,road_drive01178.png
1633007908530224524,road_drive01179.png
1633007908633069600,road_drive01180.png
1633007908728765070,road_drive01181.png
1633007908830875451,road_drive01182.png
1633007908935237479,road_drive01183.png
1633007909032695466,road_drive01184.png
1633007909143654809,road_drive01185.png
1633007909232470961,road_drive01186.png
1633007909329848364,road_drive01187.png
1633007909434686911,road_drive01188.png
1633007909530957158,road_drive01189.png
1633007909631087499,road_drive01190.png
1633007909729411014,road_drive01191.png
1633007909834236286,road_drive01192.png
1633007909926008553,road_drive01193.png
1633007910032794724,road_drive01194.png
1633007910129944832,road_drive01195.png
1633007910235506857,road_drive01196.png
1633007910330565704,road_drive01197.png
